filename,width,height,class,xmin,ymin,xmax,ymax
_storage_emulated_0_Pictures_LINE_1691395482746.jpg,960,1280,PENGGUNAAN_TAMBANG_SLING,479,408,593,702
IMG_20230805_154754.jpg,3120,4160,PENGGUNAAN_TAMBANG_SLING,1420,1203,1815,2802
IMG_20230808_113251.jpg,3120,4160,PENGGUNAAN_TAMBANG_SLING,1421,1185,1806,2734
IMG_20230808_155959.jpg,3120,4160,PENGGUNAAN_TAMBANG_SLING,1418,917,1829,2550
IMG-20230726-WA0045.jpg,1200,1600,PENGGUNAAN_TAMBANG_SLING,749,728,839,1037
IMG-20230726-WA0071.jpg,1200,1600,PENGGUNAAN_TAMBANG_SLING,418,390,824,1343
1690521774493.jpg,1200,1600,PENGGUNAAN_TAMBANG_SLING,333,2,836,1268
IMG-20230804-WA0091.jpg,1200,1600,PENGGUNAAN_TAMBANG_SLING,516,511,687,975
IMG-20230805-WA0016.jpg,1200,1600,PENGGUNAAN_TAMBANG_SLING,611,647,743,922
IMG-20230805-WA0021.jpg,1200,1600,PENGGUNAAN_TAMBANG_SLING,548,422,692,748
IMG-20230807-WA0092.jpg,780,1040,PENGGUNAAN_TAMBANG_SLING,381,346,471,583
IMG-20230807-WA0096.jpg,780,1040,PENGGUNAAN_TAMBANG_SLING,302,283,400,552
photo1691215173 (1).jpeg,720,1280,PENGGUNAAN_TAMBANG_SLING,283,455,517,1038
photo1691217353 (5).jpeg,960,1280,PENGGUNAAN_TAMBANG_SLING,389,413,519,628
photo1691222728 (2).jpeg,960,1280,PENGGUNAAN_TAMBANG_SLING,338,438,465,710
photo1691229049 (5).jpeg,960,1280,PENGGUNAAN_TAMBANG_SLING,407,348,514,669
photo1691294884 (2).jpeg,960,1280,PENGGUNAAN_TAMBANG_SLING,431,520,589,846
1691394934966.jpg,960,1280,PENGGUNAAN_TAMBANG_SLING,559,330,673,681
photo1691381749 (2).jpeg,960,1280,PENGGUNAAN_TAMBANG_SLING,441,497,566,764
photo1691394039 (2).jpeg,960,1280,PENGGUNAAN_TAMBANG_SLING,424,349,529,567
photo1691399476 (1).jpeg,960,1280,PENGGUNAAN_TAMBANG_SLING,490,422,613,726
photo1691467079 (1).jpeg,960,1280,PENGGUNAAN_TAMBANG_SLING,400,510,538,833
photo1691480335 (2).jpeg,960,1280,PENGGUNAAN_TAMBANG_SLING,444,676,547,917
photo1691558526 (1).jpeg,600,800,PENGGUNAAN_TAMBANG_SLING,254,433,371,710
photo1691559622 (2).jpeg,600,800,PENGGUNAAN_TAMBANG_SLING,338,199,408,340
photo1691724017 (4).jpeg,960,1280,PENGGUNAAN_TAMBANG_SLING,364,532,478,739
photo1691736467 (2).jpeg,960,1280,PENGGUNAAN_TAMBANG_SLING,459,553,530,722
1691395196835.jpg,960,1280,PENGGUNAAN_HELM,429,19,632,205
1691395196835.jpg,960,1280,PENGGUNAAN_TAMBANG_SLING,513,411,624,603
photo1691736950 (6).jpeg,960,1280,PENGGUNAAN_TAMBANG_SLING,486,303,626,619
photo1691737370 (1).jpeg,960,1280,PENGGUNAAN_TAMBANG_SLING,427,531,534,736
photo1691747223 (2).jpeg,960,1280,PENGGUNAAN_TAMBANG_SLING,405,425,501,647
photo1691994320 (3).jpeg,960,1280,PENGGUNAAN_TAMBANG_SLING,344,557,437,798
TimePhoto_20230727_145450.jpg,1728,2304,PENGGUNAAN_TAMBANG_SLING,695,563,965,1344
TimePhoto_20230727_150859.jpg,2400,3200,PENGGUNAAN_TAMBANG_SLING,1101,1075,1386,2167
TimePhoto_20230728_102510.jpg,3000,4000,PENGGUNAAN_TAMBANG_SLING,1230,885,1610,2392
TimePhoto_20230729_154742.jpg,1224,2448,PENGGUNAAN_TAMBANG_SLING,524,845,641,1127
TimePhoto_20230729_161558.jpg,1224,2448,PENGGUNAAN_TAMBANG_SLING,317,864,474,1170
TimePhoto_20230802_120518.jpg,3000,4000,PENGGUNAAN_TAMBANG_SLING,1131,1315,1491,2309
1691399659096.jpg,960,1280,PENGGUNAAN_TAMBANG_SLING,465,423,558,667
TimePhoto_20230802_131303.jpg,3000,4000,PENGGUNAAN_TAMBANG_SLING,908,1419,1358,2810
1691399838299.jpg,960,1280,PENGGUNAAN_TAMBANG_SLING,509,430,610,723
1691400107964.jpg,960,1280,PENGGUNAAN_TAMBANG_SLING,470,427,547,662
e865a5d3-3500-4e43-a46e-ba92e04702e8.jpg,960,1280,PENGGUNAAN_TAMBANG_SLING,462,568,555,1015
Foto Pemenuhan APD - 8167162.jpeg,480,360,HELM,282,184,388,252
Foto Pemenuhan APD - 8167162.jpeg,480,360,ROMPI,199,121,360,199
Foto Pemenuhan APD - 8167428.jpeg,480,360,HELM,258,79,369,135
Foto Pemenuhan APD - 8167428.jpeg,480,360,SEPATU,139,74,257,126
Foto Pemenuhan APD - 8167945.jpeg,480,360,HELM,206,189,334,246
Foto Pemenuhan APD - 8167945.jpeg,480,360,TAMBANG_SLING,75,114,187,209
Foto Pemenuhan APD - 8169623.jpeg,720,960,HELM,90,472,303,724
Foto Pemenuhan APD - 8169623.jpeg,720,960,ROMPI,1,1,446,460
Foto Pemenuhan APD - 8194187.jpeg,480,640,HELM,154,344,264,469
Foto Pemenuhan APD - 8194187.jpeg,480,640,SARUNG_TANGAN,385,230,472,329
Foto Pemenuhan APD - 8194187.jpeg,480,640,TAMBANG_SLING,217,118,370,365
Foto Pemenuhan APD - 8194951.jpeg,480,640,TAMBANG_SLING,108,5,382,221
Foto Pemenuhan APD - 8206968.jpeg,480,640,HELM,282,365,417,479
Foto Pemenuhan APD - 8206968.jpeg,480,640,SARUNG_TANGAN,221,302,285,416
Foto Pemenuhan APD - 8216122.jpeg,720,960,HELM,283,219,401,364
Foto Pemenuhan APD - 8216122.jpeg,720,960,SARUNG_TANGAN,336,501,417,610
Foto Pemenuhan APD - 8216122.jpeg,720,960,ROMPI,419,219,720,586
Foto Pemenuhan APD - 8216122.jpeg,720,960,SEPATU,158,467,297,636
Foto Pemenuhan APD - 8216122.jpeg,720,960,TAMBANG_SLING,84,67,602,208
Foto Pemenuhan APD - 8344272.jpeg,480,640,HELM,260,183,359,309
Foto Pemenuhan APD - 8344272.jpeg,480,640,SARUNG_TANGAN,239,384,306,490
Foto Pemenuhan APD - 8344272.jpeg,480,640,ROMPI,89,350,195,524
Foto Pemenuhan APD - 8344272.jpeg,480,640,SEPATU,284,51,378,183
Foto Pemenuhan APD - 8344272.jpeg,480,640,TAMBANG_SLING,58,206,264,349
Foto Pemenuhan APD - 8345583.jpeg,480,640,HELM,90,101,184,202
Foto Pemenuhan APD - 8345583.jpeg,480,640,SARUNG_TANGAN,50,381,152,506
Foto Pemenuhan APD - 8345583.jpeg,480,640,ROMPI,22,210,176,359
Foto Pemenuhan APD - 8345583.jpeg,480,640,TAMBANG_SLING,183,202,395,358
Foto Pemenuhan APD - 8345961.jpeg,480,640,HELM,159,397,266,524
Foto Pemenuhan APD - 8345961.jpeg,480,640,SARUNG_TANGAN,125,48,196,155
Foto Pemenuhan APD - 8345961.jpeg,480,640,SARUNG_TANGAN,194,51,252,153
Foto Pemenuhan APD - 8345961.jpeg,480,640,ROMPI,284,60,429,188
Foto Pemenuhan APD - 8345961.jpeg,480,640,SEPATU,290,380,407,520
Foto Pemenuhan APD - 8345961.jpeg,480,640,TAMBANG_SLING,62,184,264,396
Foto Pemenuhan APD - 8450793.jpeg,480,360,ROMPI,149,93,364,222
Foto Pemenuhan APD - 8451138.jpeg,480,360,SARUNG_TANGAN,142,166,202,217
Foto Pemenuhan APD - 8451138.jpeg,480,360,ROMPI,42,64,210,166
Foto Pemenuhan APD - 8451138.jpeg,480,360,SEPATU,273,63,360,124
Foto Pemenuhan APD - 8451906.jpeg,480,360,HELM,332,220,480,319
Foto Pemenuhan APD - 8451906.jpeg,480,360,SARUNG_TANGAN,53,115,142,175
Foto Pemenuhan APD - 8451906.jpeg,480,360,SEPATU,172,85,285,167
Foto Pemenuhan APD - 8451906.jpeg,480,360,TAMBANG_SLING,306,93,480,160
Foto Pemenuhan APD - 8452786.jpeg,480,640,HELM,24,345,144,482
Foto Pemenuhan APD - 8452786.jpeg,480,640,SARUNG_TANGAN,316,390,392,521
Foto Pemenuhan APD - 8452786.jpeg,480,640,SARUNG_TANGAN,394,385,459,517
Foto Pemenuhan APD - 8452786.jpeg,480,640,SEPATU,20,124,170,307
Foto Pemenuhan APD - 8452786.jpeg,480,640,TAMBANG_SLING,340,98,445,317
Foto Pemenuhan APD - 8462665.jpeg,480,640,HELM,157,129,397,325
Foto Pemenuhan APD - 8462856.jpeg,480,640,ROMPI,1,140,181,391
Foto Pemenuhan APD - 8462856.jpeg,480,640,SEPATU,190,202,308,358
Foto Pemenuhan APD - 8462856.jpeg,480,640,TAMBANG_SLING,320,227,480,627
Foto Pemenuhan APD - 8463312.jpeg,480,640,HELM,194,36,294,142
Foto Pemenuhan APD - 8463312.jpeg,480,640,ROMPI,67,131,308,299
Foto Pemenuhan APD - 8463417.jpeg,480,640,HELM,239,144,339,233
Foto Pemenuhan APD - 8463417.jpeg,480,640,SEPATU,228,233,371,350
Foto Pemenuhan APD - 8463417.jpeg,480,640,TAMBANG_SLING,41,225,221,489
Foto Pemenuhan APD - 8464112.jpeg,480,640,HELM,327,54,415,169
Foto Pemenuhan APD - 8464112.jpeg,480,640,SARUNG_TANGAN,127,408,183,523
Foto Pemenuhan APD - 8464112.jpeg,480,640,ROMPI,107,29,293,233
Foto Pemenuhan APD - 8464112.jpeg,480,640,TAMBANG_SLING,339,306,472,583
Foto Pemenuhan APD - 8464592.jpeg,480,640,HELM,338,312,460,439
Foto Pemenuhan APD - 8464592.jpeg,480,640,SARUNG_TANGAN,150,131,218,202
Foto Pemenuhan APD - 8464592.jpeg,480,640,SEPATU,296,109,404,246
Foto Pemenuhan APD - 8464592.jpeg,480,640,TAMBANG_SLING,6,213,151,449
Foto Pemenuhan APD - 8485671.jpeg,480,640,HELM,66,276,189,419
Foto Pemenuhan APD - 8494517.jpeg,480,640,HELM,125,162,262,308
Foto Pemenuhan APD - 8494517.jpeg,480,640,SARUNG_TANGAN,299,350,404,498
Foto Pemenuhan APD - 8495989.jpeg,480,640,HELM,317,321,447,478
Foto Pemenuhan APD - 8495989.jpeg,480,640,SEPATU,287,202,435,324
Foto Pemenuhan APD - 8497493.jpeg,480,640,HELM,1,254,123,394
Foto Pemenuhan APD - 8497493.jpeg,480,640,SARUNG_TANGAN,173,269,248,331
Foto Pemenuhan APD - 8497493.jpeg,480,640,SEPATU,137,116,272,246
Foto Pemenuhan APD - 8497992.jpeg,480,640,HELM,235,129,342,258
Foto Pemenuhan APD - 8497992.jpeg,480,640,SARUNG_TANGAN,168,225,246,319
Foto Pemenuhan APD - 8497992.jpeg,480,640,SEPATU,1,309,197,481
Foto Pemenuhan APD - 8497992.jpeg,480,640,SEPATU,193,319,425,477
Foto Pemenuhan APD - 8503382.jpeg,480,640,HELM,137,212,237,334
Foto Pemenuhan APD - 8503382.jpeg,480,640,SARUNG_TANGAN,148,458,246,525
Foto Pemenuhan APD - 8503382.jpeg,480,640,ROMPI,214,286,429,452
Foto Pemenuhan APD - 8503382.jpeg,480,640,TAMBANG_SLING,147,150,360,214
Foto Pemenuhan APD - 8504134.jpeg,480,640,HELM,115,59,245,182
Foto Pemenuhan APD - 8504134.jpeg,480,640,SARUNG_TANGAN,105,217,242,293
Foto Pemenuhan APD - 8504134.jpeg,480,640,SARUNG_TANGAN,111,290,246,362
Foto Pemenuhan APD - 8504134.jpeg,480,640,SEPATU,266,52,410,171
Foto Pemenuhan APD - 8504134.jpeg,480,640,TAMBANG_SLING,315,331,479,483
Foto Pemenuhan APD - 8504894.jpeg,480,640,HELM,296,399,399,513
Foto Pemenuhan APD - 8504894.jpeg,480,640,SARUNG_TANGAN,50,267,117,363
Foto Pemenuhan APD - 8504894.jpeg,480,640,SEPATU,164,393,282,529
Foto Pemenuhan APD - 8504894.jpeg,480,640,TAMBANG_SLING,151,254,297,394
Foto Pemenuhan APD - 8506379.jpeg,480,640,HELM,62,287,180,434
Foto Pemenuhan APD - 8506379.jpeg,480,640,SARUNG_TANGAN,4,147,108,235
Foto Pemenuhan APD - 8506379.jpeg,480,640,SARUNG_TANGAN,1,55,102,150
Foto Pemenuhan APD - 8507165.jpeg,480,640,SARUNG_TANGAN,113,196,204,256
Foto Pemenuhan APD - 8507165.jpeg,480,640,ROMPI,39,315,206,506
Foto Pemenuhan APD - 8507165.jpeg,480,640,TAMBANG_SLING,327,229,465,382
Foto Pemenuhan APD - 8509408.jpeg,480,640,HELM,311,254,448,415
Foto Pemenuhan APD - 8509408.jpeg,480,640,SARUNG_TANGAN,63,288,157,422
Foto Pemenuhan APD - 8509408.jpeg,480,640,SEPATU,35,58,177,242
Foto Pemenuhan APD - 8509408.jpeg,480,640,TAMBANG_SLING,168,229,314,525
Foto Pemenuhan APD - 8510547.jpeg,480,640,HELM,80,43,174,174
Foto Pemenuhan APD - 8510547.jpeg,480,640,SARUNG_TANGAN,181,85,248,169
Foto Pemenuhan APD - 8510547.jpeg,480,640,SEPATU,292,50,410,173
Foto Pemenuhan APD - 8510547.jpeg,480,640,TAMBANG_SLING,56,184,202,342
Foto Pemenuhan APD - 8511307.jpeg,480,640,HELM,310,128,400,244
Foto Pemenuhan APD - 8511307.jpeg,480,640,SARUNG_TANGAN,224,232,286,319
Foto Pemenuhan APD - 8511307.jpeg,480,640,SEPATU,293,369,414,528
Foto Pemenuhan APD - 8511307.jpeg,480,640,TAMBANG_SLING,41,113,228,302
Foto Pemenuhan APD - 8511666.jpeg,480,640,HELM,66,88,186,235
Foto Pemenuhan APD - 8511666.jpeg,480,640,SEPATU,306,148,458,314
Foto Pemenuhan APD - 8513833.jpeg,480,640,HELM,60,343,225,528
Foto Pemenuhan APD - 8518426.jpeg,480,640,SARUNG_TANGAN,166,356,229,448
Foto Pemenuhan APD - 8518426.jpeg,480,640,ROMPI,73,19,283,242
Foto Pemenuhan APD - 8518426.jpeg,480,640,SEPATU,255,249,350,352
Foto Pemenuhan APD - 8519724.jpeg,480,640,HELM,173,252,285,347
Foto Pemenuhan APD - 8519724.jpeg,480,640,HELM,354,267,441,374
Foto Pemenuhan APD - 8519724.jpeg,480,640,SARUNG_TANGAN,52,281,156,339
Foto Pemenuhan APD - 8519724.jpeg,480,640,SARUNG_TANGAN,50,341,163,405
Foto Pemenuhan APD - 8519724.jpeg,480,640,ROMPI,46,30,315,254
Foto Pemenuhan APD - 8519724.jpeg,480,640,SEPATU,316,182,424,275
Foto Pemenuhan APD - 8520013.jpeg,480,640,HELM,325,233,454,345
Foto Pemenuhan APD - 8520013.jpeg,480,640,SARUNG_TANGAN,166,341,274,410
Foto Pemenuhan APD - 8520013.jpeg,480,640,SARUNG_TANGAN,160,403,277,481
Foto Pemenuhan APD - 8520013.jpeg,480,640,SEPATU,186,153,352,277
Foto Pemenuhan APD - 8520289.jpeg,480,640,SARUNG_TANGAN,239,263,316,379
Foto Pemenuhan APD - 8520289.jpeg,480,640,SARUNG_TANGAN,331,246,419,384
Foto Pemenuhan APD - 8520289.jpeg,480,640,SEPATU,52,118,181,280
Foto Pemenuhan APD - 8520691.jpeg,480,640,HELM,320,380,434,489
Foto Pemenuhan APD - 8520691.jpeg,480,640,SARUNG_TANGAN,12,167,146,265
Foto Pemenuhan APD - 8520691.jpeg,480,640,SARUNG_TANGAN,23,281,148,375
Foto Pemenuhan APD - 8520691.jpeg,480,640,SEPATU,148,22,318,173
Foto Pemenuhan APD - 8521035.jpeg,480,640,HELM,262,406,384,514
Foto Pemenuhan APD - 8521035.jpeg,480,640,ROMPI,68,210,349,413
Foto Pemenuhan APD - 8521035.jpeg,480,640,SEPATU,46,21,225,168
Foto Pemenuhan APD - 8521505.jpeg,480,640,HELM,269,173,343,257
Foto Pemenuhan APD - 8521505.jpeg,480,640,SARUNG_TANGAN,251,299,312,371
Foto Pemenuhan APD - 8521505.jpeg,480,640,SARUNG_TANGAN,308,288,371,362
Foto Pemenuhan APD - 8521505.jpeg,480,640,ROMPI,21,279,224,527
Foto Pemenuhan APD - 8521505.jpeg,480,640,SEPATU,84,162,164,264
Foto Pemenuhan APD - 8521505.jpeg,480,640,TAMBANG_SLING,198,112,258,356
Foto Pemenuhan APD - 8521769.jpeg,480,640,HELM,298,15,374,111
Foto Pemenuhan APD - 8521769.jpeg,480,640,SARUNG_TANGAN,248,187,316,263
Foto Pemenuhan APD - 8521769.jpeg,480,640,SARUNG_TANGAN,321,192,380,269
Foto Pemenuhan APD - 8521769.jpeg,480,640,SEPATU,213,1,301,120
Foto Pemenuhan APD - 8523918.jpeg,480,640,HELM,4,96,135,211
Foto Pemenuhan APD - 8523918.jpeg,480,640,SARUNG_TANGAN,36,286,154,356
Foto Pemenuhan APD - 8523918.jpeg,480,640,SARUNG_TANGAN,51,347,165,425
Foto Pemenuhan APD - 8523918.jpeg,480,640,ROMPI,141,90,379,302
Foto Pemenuhan APD - 8523918.jpeg,480,640,SEPATU,269,315,400,417
Foto Pemenuhan APD - 8524107.jpeg,480,640,SEPATU,262,200,412,377
Foto Pemenuhan APD - 8524107.jpeg,480,640,TAMBANG_SLING,210,37,397,207
Foto Pemenuhan APD - 8524192.jpeg,480,640,HELM,1,362,140,521
Foto Pemenuhan APD - 8524192.jpeg,480,640,SARUNG_TANGAN,320,308,421,432
Foto Pemenuhan APD - 8524192.jpeg,480,640,SARUNG_TANGAN,329,423,463,611
Foto Pemenuhan APD - 8524192.jpeg,480,640,TAMBANG_SLING,84,140,212,223
Foto Pemenuhan APD - 8524213.jpeg,480,640,HELM,90,142,194,232
Foto Pemenuhan APD - 8524213.jpeg,480,640,SARUNG_TANGAN,61,269,155,332
Foto Pemenuhan APD - 8524213.jpeg,480,640,SARUNG_TANGAN,62,333,156,401
Foto Pemenuhan APD - 8524213.jpeg,480,640,SEPATU,182,42,301,157
Foto Pemenuhan APD - 8524213.jpeg,480,640,TAMBANG_SLING,215,175,404,299
Foto Pemenuhan APD - 8524257.jpeg,480,640,HELM,271,349,372,438
Foto Pemenuhan APD - 8524257.jpeg,480,640,SARUNG_TANGAN,303,250,379,311
Foto Pemenuhan APD - 8524257.jpeg,480,640,SARUNG_TANGAN,299,190,379,250
Foto Pemenuhan APD - 8524257.jpeg,480,640,TAMBANG_SLING,41,277,245,415
Foto Pemenuhan APD - 8524554.jpeg,480,640,HELM,29,285,138,409
Foto Pemenuhan APD - 8524554.jpeg,480,640,ROMPI,271,219,472,498
Foto Pemenuhan APD - 8524554.jpeg,480,640,SEPATU,57,106,175,244
Foto Pemenuhan APD - 8524554.jpeg,480,640,TAMBANG_SLING,166,106,237,467
Foto Pemenuhan APD - 8524918.jpeg,480,640,HELM,320,226,425,343
Foto Pemenuhan APD - 8524918.jpeg,480,640,SARUNG_TANGAN,98,131,202,187
Foto Pemenuhan APD - 8524918.jpeg,480,640,SARUNG_TANGAN,108,87,196,131
Foto Pemenuhan APD - 8524918.jpeg,480,640,SEPATU,295,92,417,214
Foto Pemenuhan APD - 8525140.jpeg,480,640,HELM,343,122,460,253
Foto Pemenuhan APD - 8525140.jpeg,480,640,SARUNG_TANGAN,196,156,271,244
Foto Pemenuhan APD - 8525140.jpeg,480,640,ROMPI,14,129,183,335
Foto Pemenuhan APD - 8525140.jpeg,480,640,TAMBANG_SLING,248,290,450,495
Foto Pemenuhan APD - 8525263.jpeg,480,640,HELM,91,346,206,475
Foto Pemenuhan APD - 8525263.jpeg,480,640,SARUNG_TANGAN,104,267,222,327
Foto Pemenuhan APD - 8525263.jpeg,480,640,ROMPI,248,102,421,308
Foto Pemenuhan APD - 8525263.jpeg,480,640,SEPATU,82,99,235,246
Foto Pemenuhan APD - 8527783.jpeg,480,640,HELM,54,12,188,203
Foto Pemenuhan APD - 8527783.jpeg,480,640,SARUNG_TANGAN,314,62,387,168
Foto Pemenuhan APD - 8527783.jpeg,480,640,ROMPI,161,203,385,520
Foto Pemenuhan APD - 8527783.jpeg,480,640,SEPATU,187,4,321,202
Foto Pemenuhan APD - 8527783.jpeg,480,640,TAMBANG_SLING,389,181,480,475
Foto Pemenuhan APD - 8528362.jpeg,480,640,HELM,169,121,285,264
Foto Pemenuhan APD - 8528362.jpeg,480,640,SARUNG_TANGAN,291,149,364,264
Foto Pemenuhan APD - 8528362.jpeg,480,640,SEPATU,32,77,168,261
Foto Pemenuhan APD - 8528442.jpeg,480,640,HELM,178,275,290,388
Foto Pemenuhan APD - 8528442.jpeg,480,640,HELM,175,161,269,276
Foto Pemenuhan APD - 8528442.jpeg,480,640,SARUNG_TANGAN,214,415,294,535
Foto Pemenuhan APD - 8528442.jpeg,480,640,SARUNG_TANGAN,285,408,350,532
Foto Pemenuhan APD - 8528442.jpeg,480,640,ROMPI,167,12,425,163
Foto Pemenuhan APD - 8528442.jpeg,480,640,SEPATU,66,9,168,123
Foto Pemenuhan APD - 8541758.jpeg,480,640,HELM,326,251,432,373
Foto Pemenuhan APD - 8541758.jpeg,480,640,SARUNG_TANGAN,211,417,290,524
Foto Pemenuhan APD - 8541758.jpeg,480,640,SARUNG_TANGAN,288,408,368,526
Foto Pemenuhan APD - 8541758.jpeg,480,640,ROMPI,117,167,302,407
Foto Pemenuhan APD - 8541758.jpeg,480,640,SEPATU,305,120,402,237
Foto Pemenuhan APD - 8541758.jpeg,480,640,TAMBANG_SLING,20,65,127,509
Foto Pemenuhan APD - 8542563.jpeg,480,640,HELM,136,68,248,183
Foto Pemenuhan APD - 8542563.jpeg,480,640,SARUNG_TANGAN,154,244,235,305
Foto Pemenuhan APD - 8542563.jpeg,480,640,SARUNG_TANGAN,170,191,246,246
Foto Pemenuhan APD - 8542563.jpeg,480,640,ROMPI,5,287,286,525
Foto Pemenuhan APD - 8542563.jpeg,480,640,SEPATU,288,310,409,408
Foto Pemenuhan APD - 8542563.jpeg,480,640,TAMBANG_SLING,1,59,145,271
Foto Pemenuhan APD - 8543330.jpeg,480,640,HELM,196,291,299,379
Foto Pemenuhan APD - 8543330.jpeg,480,640,TAMBANG_SLING,52,1,198,251
Foto Pemenuhan APD - 8544121.jpeg,480,640,HELM,244,122,324,211
Foto Pemenuhan APD - 8544121.jpeg,480,640,SARUNG_TANGAN,223,338,307,429
Foto Pemenuhan APD - 8544121.jpeg,480,640,SARUNG_TANGAN,302,329,382,429
Foto Pemenuhan APD - 8544121.jpeg,480,640,ROMPI,1,198,230,427
Foto Pemenuhan APD - 8544121.jpeg,480,640,SEPATU,244,203,348,325
Foto Pemenuhan APD - 8544121.jpeg,480,640,TAMBANG_SLING,381,165,480,428
Foto Pemenuhan APD - 8544220.jpeg,480,640,SARUNG_TANGAN,26,233,79,292
Foto Pemenuhan APD - 8548427.jpeg,480,640,HELM,221,70,314,192
Foto Pemenuhan APD - 8548427.jpeg,480,640,SARUNG_TANGAN,344,133,414,234
Foto Pemenuhan APD - 8548427.jpeg,480,640,ROMPI,45,72,215,239
Foto Pemenuhan APD - 8548427.jpeg,480,640,SEPATU,53,234,182,410
Foto Pemenuhan APD - 8548427.jpeg,480,640,TAMBANG_SLING,321,254,480,557
Foto Pemenuhan APD - 8548674.jpeg,480,640,HELM,64,111,150,217
Foto Pemenuhan APD - 8548674.jpeg,480,640,SARUNG_TANGAN,250,158,300,239
Foto Pemenuhan APD - 8548674.jpeg,480,640,SARUNG_TANGAN,285,145,341,231
Foto Pemenuhan APD - 8548674.jpeg,480,640,ROMPI,54,223,248,479
Foto Pemenuhan APD - 8548674.jpeg,480,640,SEPATU,169,118,253,223
Foto Pemenuhan APD - 8548674.jpeg,480,640,TAMBANG_SLING,232,253,394,528
Foto Pemenuhan APD - 8548904.jpeg,480,640,HELM,281,256,370,365
Foto Pemenuhan APD - 8548904.jpeg,480,640,SARUNG_TANGAN,308,380,371,477
Foto Pemenuhan APD - 8548904.jpeg,480,640,SARUNG_TANGAN,368,380,435,478
Foto Pemenuhan APD - 8548904.jpeg,480,640,ROMPI,58,284,287,526
Foto Pemenuhan APD - 8548904.jpeg,480,640,SEPATU,132,192,235,281
Foto Pemenuhan APD - 8548904.jpeg,480,640,TAMBANG_SLING,105,148,196,202
Foto Pemenuhan APD - 8549612.jpeg,480,640,HELM,54,324,153,448
Foto Pemenuhan APD - 8549612.jpeg,480,640,SARUNG_TANGAN,137,90,198,167
Foto Pemenuhan APD - 8549612.jpeg,480,640,SARUNG_TANGAN,199,90,249,167
Foto Pemenuhan APD - 8549612.jpeg,480,640,SEPATU,51,161,158,297
Foto Pemenuhan APD - 8549661.jpeg,480,640,HELM,16,316,123,435
Foto Pemenuhan APD - 8549661.jpeg,480,640,SARUNG_TANGAN,150,108,210,175
Foto Pemenuhan APD - 8549661.jpeg,480,640,SARUNG_TANGAN,206,116,242,188
Foto Pemenuhan APD - 8549661.jpeg,480,640,SEPATU,48,165,162,288
Foto Pemenuhan APD - 8549661.jpeg,480,640,TAMBANG_SLING,231,152,391,286
Foto Pemenuhan APD - 8549886.jpeg,480,640,HELM,194,174,270,271
Foto Pemenuhan APD - 8549886.jpeg,480,640,SARUNG_TANGAN,174,338,227,413
Foto Pemenuhan APD - 8549886.jpeg,480,640,SARUNG_TANGAN,225,335,281,406
Foto Pemenuhan APD - 8549886.jpeg,480,640,ROMPI,266,135,420,367
Foto Pemenuhan APD - 8549886.jpeg,480,640,SEPATU,62,144,177,258
Foto Pemenuhan APD - 8549886.jpeg,480,640,TAMBANG_SLING,12,344,166,488
Foto Pemenuhan APD - 8550185.jpeg,480,640,HELM,64,263,198,375
Foto Pemenuhan APD - 8550185.jpeg,480,640,SARUNG_TANGAN,200,294,304,367
Foto Pemenuhan APD - 8550185.jpeg,480,640,SARUNG_TANGAN,209,369,304,443
Foto Pemenuhan APD - 8550185.jpeg,480,640,SEPATU,102,79,246,217
Foto Pemenuhan APD - 8550223.jpeg,480,640,HELM,115,284,205,364
Foto Pemenuhan APD - 8550223.jpeg,480,640,SARUNG_TANGAN,215,312,291,355
Foto Pemenuhan APD - 8550223.jpeg,480,640,SARUNG_TANGAN,225,356,302,407
Foto Pemenuhan APD - 8550223.jpeg,480,640,SEPATU,140,205,233,279
Foto Pemenuhan APD - 8550223.jpeg,480,640,TAMBANG_SLING,101,388,416,498
Foto Pemenuhan APD - 8550314.jpeg,480,640,HELM,27,350,212,507
Foto Pemenuhan APD - 8550604.jpeg,480,640,HELM,196,163,303,250
Foto Pemenuhan APD - 8550604.jpeg,480,640,HELM,300,174,383,258
Foto Pemenuhan APD - 8550604.jpeg,480,640,SARUNG_TANGAN,102,177,187,252
Foto Pemenuhan APD - 8550604.jpeg,480,640,SARUNG_TANGAN,101,260,185,323
Foto Pemenuhan APD - 8550604.jpeg,480,640,SEPATU,348,243,437,340
Foto Pemenuhan APD - 8550604.jpeg,480,640,TAMBANG_SLING,1,75,106,487
Foto Pemenuhan APD - 8550605.jpeg,480,640,HELM,108,195,193,299
Foto Pemenuhan APD - 8550605.jpeg,480,640,SARUNG_TANGAN,104,333,171,425
Foto Pemenuhan APD - 8550605.jpeg,480,640,SARUNG_TANGAN,148,312,215,393
Foto Pemenuhan APD - 8550605.jpeg,480,640,SEPATU,175,98,279,210
Foto Pemenuhan APD - 8550756.jpeg,480,640,HELM,204,192,289,295
Foto Pemenuhan APD - 8550756.jpeg,480,640,SARUNG_TANGAN,341,274,382,353
Foto Pemenuhan APD - 8550756.jpeg,480,640,ROMPI,48,158,204,386
Foto Pemenuhan APD - 8550756.jpeg,480,640,SEPATU,307,146,400,261
Foto Pemenuhan APD - 8550756.jpeg,480,640,TAMBANG_SLING,259,388,479,508
Foto Pemenuhan APD - 8551029.jpeg,480,640,HELM,170,173,258,267
Foto Pemenuhan APD - 8551029.jpeg,480,640,HELM,66,270,170,395
Foto Pemenuhan APD - 8551029.jpeg,480,640,SARUNG_TANGAN,183,327,255,408
Foto Pemenuhan APD - 8551029.jpeg,480,640,SARUNG_TANGAN,254,337,322,424
Foto Pemenuhan APD - 8551381.jpeg,480,640,HELM,50,106,124,195
Foto Pemenuhan APD - 8551381.jpeg,480,640,SARUNG_TANGAN,75,200,131,268
Foto Pemenuhan APD - 8551381.jpeg,480,640,SARUNG_TANGAN,146,200,201,268
Foto Pemenuhan APD - 8551381.jpeg,480,640,ROMPI,215,118,375,285
Foto Pemenuhan APD - 8551381.jpeg,480,640,SEPATU,135,94,212,198
Foto Pemenuhan APD - 8551381.jpeg,480,640,TAMBANG_SLING,104,265,216,517
Foto Pemenuhan APD - 8551431.jpeg,480,640,HELM,136,160,248,273
Foto Pemenuhan APD - 8551431.jpeg,480,640,HELM,1,13,133,138
Foto Pemenuhan APD - 8551431.jpeg,480,640,SEPATU,89,307,237,431
Foto Pemenuhan APD - 8552705.jpeg,480,640,HELM,177,118,258,237
Foto Pemenuhan APD - 8552705.jpeg,480,640,SARUNG_TANGAN,264,244,315,327
Foto Pemenuhan APD - 8552705.jpeg,480,640,SARUNG_TANGAN,312,244,365,338
Foto Pemenuhan APD - 8552705.jpeg,480,640,SEPATU,273,119,373,246
Foto Pemenuhan APD - 8552705.jpeg,480,640,TAMBANG_SLING,1,165,133,518
Foto Pemenuhan APD - 8553204.jpeg,480,640,HELM,111,105,211,198
Foto Pemenuhan APD - 8553204.jpeg,480,640,ROMPI,108,198,273,448
Foto Pemenuhan APD - 8553204.jpeg,480,640,SEPATU,10,200,115,323
Foto Pemenuhan APD - 8553204.jpeg,480,640,TAMBANG_SLING,296,207,446,349
Foto Pemenuhan APD - 8553232.jpeg,480,640,HELM,327,202,411,292
Foto Pemenuhan APD - 8553232.jpeg,480,640,SARUNG_TANGAN,12,268,91,327
Foto Pemenuhan APD - 8553232.jpeg,480,640,SARUNG_TANGAN,18,223,97,273
Foto Pemenuhan APD - 8553232.jpeg,480,640,ROMPI,103,196,318,356
Foto Pemenuhan APD - 8553232.jpeg,480,640,SEPATU,212,119,323,208
Foto Pemenuhan APD - 8553232.jpeg,480,640,TAMBANG_SLING,171,359,325,514
Foto Pemenuhan APD - 8553256.jpeg,480,640,HELM,162,169,250,245
Foto Pemenuhan APD - 8553256.jpeg,480,640,ROMPI,162,250,301,467
Foto Pemenuhan APD - 8553256.jpeg,480,640,SEPATU,81,248,165,353
Foto Pemenuhan APD - 8553256.jpeg,480,640,TAMBANG_SLING,318,242,457,383
Foto Pemenuhan APD - 8553338.jpeg,480,640,HELM,46,343,246,525
Foto Pemenuhan APD - 8553338.jpeg,480,640,SARUNG_TANGAN,307,336,441,493
Foto Pemenuhan APD - 8553338.jpeg,480,640,SEPATU,289,163,469,336
Foto Pemenuhan APD - 8553546.jpeg,480,640,HELM,75,292,249,477
Foto Pemenuhan APD - 8553546.jpeg,480,640,SARUNG_TANGAN,306,282,445,442
Foto Pemenuhan APD - 8553546.jpeg,480,640,ROMPI,11,163,275,303
Foto Pemenuhan APD - 8553546.jpeg,480,640,SEPATU,275,83,450,260
Foto Pemenuhan APD - 8556179.jpeg,480,640,HELM,147,54,238,137
Foto Pemenuhan APD - 8556179.jpeg,480,640,ROMPI,240,48,325,211
Foto Pemenuhan APD - 8556179.jpeg,480,640,SEPATU,111,381,227,470
Foto Pemenuhan APD - 8556179.jpeg,480,640,TAMBANG_SLING,213,215,323,352
Foto Pemenuhan APD - 8556301.jpeg,480,640,HELM,211,321,304,396
Foto Pemenuhan APD - 8556301.jpeg,480,640,ROMPI,143,144,274,252
Foto Pemenuhan APD - 8556301.jpeg,480,640,SEPATU,262,95,358,179
Foto Pemenuhan APD - 8556367.jpeg,480,640,HELM,298,304,380,372
Foto Pemenuhan APD - 8556367.jpeg,480,640,ROMPI,210,296,295,387
Foto Pemenuhan APD - 8556367.jpeg,480,640,TAMBANG_SLING,146,165,254,275
Foto Pemenuhan APD - 8558068.jpeg,480,640,HELM,15,167,138,302
Foto Pemenuhan APD - 8558068.jpeg,480,640,SARUNG_TANGAN,202,339,273,472
Foto Pemenuhan APD - 8558068.jpeg,480,640,SARUNG_TANGAN,272,339,347,475
Foto Pemenuhan APD - 8558068.jpeg,480,640,ROMPI,8,302,185,526
Foto Pemenuhan APD - 8558068.jpeg,480,640,SEPATU,354,233,477,399
Foto Pemenuhan APD - 8558837.jpeg,480,640,HELM,399,297,480,392
Foto Pemenuhan APD - 8558837.jpeg,480,640,SARUNG_TANGAN,247,224,299,281
Foto Pemenuhan APD - 8558837.jpeg,480,640,SARUNG_TANGAN,298,224,348,283
Foto Pemenuhan APD - 8558837.jpeg,480,640,ROMPI,69,204,252,387
Foto Pemenuhan APD - 8558837.jpeg,480,640,SEPATU,361,199,441,292
Foto Pemenuhan APD - 8559140.jpeg,480,640,HELM,324,346,425,462
Foto Pemenuhan APD - 8559140.jpeg,480,640,SARUNG_TANGAN,218,275,283,356
Foto Pemenuhan APD - 8559140.jpeg,480,640,SARUNG_TANGAN,162,266,223,346
Foto Pemenuhan APD - 8559140.jpeg,480,640,ROMPI,329,127,480,347
Foto Pemenuhan APD - 8559140.jpeg,480,640,SEPATU,191,365,297,507
Foto Pemenuhan APD - 8559140.jpeg,480,640,TAMBANG_SLING,65,144,227,232
Foto Pemenuhan APD - 8560496.jpeg,480,640,HELM,135,28,270,157
Foto Pemenuhan APD - 8560496.jpeg,480,640,SEPATU,160,377,348,516
Foto Pemenuhan APD - 8560569.jpeg,480,640,HELM,305,277,410,398
Foto Pemenuhan APD - 8560569.jpeg,480,640,SARUNG_TANGAN,206,298,271,399
Foto Pemenuhan APD - 8560569.jpeg,480,640,SEPATU,93,278,191,401
Foto Pemenuhan APD - 8560659.jpeg,480,640,HELM,229,167,480,469
Foto Pemenuhan APD - 8560659.jpeg,480,640,ROMPI,1,150,228,485
Foto Pemenuhan APD - 8561438.jpeg,480,640,HELM,12,267,127,392
Foto Pemenuhan APD - 8561438.jpeg,480,640,HELM,279,185,380,270
Foto Pemenuhan APD - 8561438.jpeg,480,640,ROMPI,19,38,290,271
Foto Pemenuhan APD - 8561438.jpeg,480,640,SEPATU,133,275,258,375
Foto Pemenuhan APD - 8561438.jpeg,480,640,TAMBANG_SLING,62,410,427,526
Foto Pemenuhan APD - 8561527.jpeg,720,960,HELM,16,484,164,640
Foto Pemenuhan APD - 8561527.jpeg,720,960,SARUNG_TANGAN,177,590,304,793
Foto Pemenuhan APD - 8561527.jpeg,720,960,ROMPI,112,156,337,436
Foto Pemenuhan APD - 8561527.jpeg,720,960,SEPATU,342,163,463,323
Foto Pemenuhan APD - 8561527.jpeg,720,960,TAMBANG_SLING,512,240,703,726
Foto Pemenuhan APD - 8561805.jpeg,480,640,ROMPI,23,77,310,324
Foto Pemenuhan APD - 8561805.jpeg,480,640,SEPATU,67,330,225,456
Foto Pemenuhan APD - 8561805.jpeg,480,640,TAMBANG_SLING,239,380,408,525
Foto Pemenuhan APD - 8561823.jpeg,720,960,HELM,36,565,208,761
Foto Pemenuhan APD - 8561823.jpeg,720,960,SARUNG_TANGAN,221,524,345,746
Foto Pemenuhan APD - 8561823.jpeg,720,960,ROMPI,39,145,265,519
Foto Pemenuhan APD - 8561823.jpeg,720,960,SEPATU,256,131,411,340
Foto Pemenuhan APD - 8561823.jpeg,720,960,TAMBANG_SLING,378,660,720,776
Foto Pemenuhan APD - 8562406.jpeg,720,960,HELM,346,521,524,726
Foto Pemenuhan APD - 8562406.jpeg,720,960,ROMPI,1,172,258,544
Foto Pemenuhan APD - 8562406.jpeg,720,960,SEPATU,278,261,459,488
Foto Pemenuhan APD - 8562406.jpeg,720,960,TAMBANG_SLING,546,501,699,703
Foto Pemenuhan APD - 8563691.jpeg,480,640,HELM,29,149,154,303
Foto Pemenuhan APD - 8563691.jpeg,480,640,ROMPI,300,135,448,306
Foto Pemenuhan APD - 8563691.jpeg,480,640,SEPATU,170,105,287,280
Foto Pemenuhan APD - 8563864.jpeg,480,640,HELM,70,91,196,183
Foto Pemenuhan APD - 8563864.jpeg,480,640,SEPATU,273,121,433,271
Foto Pemenuhan APD - 8563864.jpeg,480,640,TAMBANG_SLING,299,309,480,448
Foto Pemenuhan APD - 8564147.jpeg,480,640,HELM,95,292,212,388
Foto Pemenuhan APD - 8564147.jpeg,480,640,SEPATU,260,98,352,252
Foto Pemenuhan APD - 8564147.jpeg,480,640,TAMBANG_SLING,222,258,368,404
Foto Pemenuhan APD - 8564186.jpeg,480,640,HELM,198,217,308,302
Foto Pemenuhan APD - 8564186.jpeg,480,640,SARUNG_TANGAN,55,173,148,212
Foto Pemenuhan APD - 8564186.jpeg,480,640,SARUNG_TANGAN,43,203,153,262
Foto Pemenuhan APD - 8564186.jpeg,480,640,ROMPI,139,100,269,197
Foto Pemenuhan APD - 8564186.jpeg,480,640,SEPATU,292,140,412,239
Foto Pemenuhan APD - 8564186.jpeg,480,640,TAMBANG_SLING,342,266,480,444
Foto Pemenuhan APD - 8564202.jpeg,480,640,HELM,282,75,402,184
Foto Pemenuhan APD - 8564202.jpeg,480,640,SARUNG_TANGAN,246,422,386,527
Foto Pemenuhan APD - 8564202.jpeg,480,640,ROMPI,35,372,215,528
Foto Pemenuhan APD - 8564202.jpeg,480,640,SEPATU,93,42,231,162
Foto Pemenuhan APD - 8564202.jpeg,480,640,TAMBANG_SLING,259,220,438,394
Foto Pemenuhan APD - 8564491.jpeg,480,640,SARUNG_TANGAN,121,135,219,196
Foto Pemenuhan APD - 8564491.jpeg,480,640,ROMPI,251,106,383,215
Foto Pemenuhan APD - 8564491.jpeg,480,640,TAMBANG_SLING,86,242,227,385
Foto Pemenuhan APD - 8564768.jpeg,480,640,HELM,58,283,186,371
Foto Pemenuhan APD - 8564768.jpeg,480,640,ROMPI,92,194,203,251
Foto Pemenuhan APD - 8564768.jpeg,480,640,SEPATU,203,198,319,319
Foto Pemenuhan APD - 8564768.jpeg,480,640,TAMBANG_SLING,251,367,417,526
Foto Pemenuhan APD - 8564797.jpeg,480,640,HELM,101,117,205,209
Foto Pemenuhan APD - 8564797.jpeg,480,640,SARUNG_TANGAN,123,402,203,523
Foto Pemenuhan APD - 8564797.jpeg,480,640,ROMPI,95,219,236,364
Foto Pemenuhan APD - 8564797.jpeg,480,640,TAMBANG_SLING,302,221,432,379
Foto Pemenuhan APD - 8565045.jpeg,480,640,ROMPI,257,248,414,388
Foto Pemenuhan APD - 8565045.jpeg,480,640,SEPATU,50,246,194,363
Foto Pemenuhan APD - 8565045.jpeg,480,640,TAMBANG_SLING,52,43,199,203
Foto Pemenuhan APD - 8565249.jpeg,480,640,HELM,50,36,158,173
Foto Pemenuhan APD - 8565249.jpeg,480,640,SARUNG_TANGAN,260,83,326,179
Foto Pemenuhan APD - 8565249.jpeg,480,640,SARUNG_TANGAN,191,87,260,174
Foto Pemenuhan APD - 8565249.jpeg,480,640,ROMPI,143,178,375,323
Foto Pemenuhan APD - 8565249.jpeg,480,640,SEPATU,149,377,268,524
Foto Pemenuhan APD - 8565249.jpeg,480,640,TAMBANG_SLING,29,178,142,370
Foto Pemenuhan APD - 8565261.jpeg,480,640,HELM,184,373,273,479
Foto Pemenuhan APD - 8565261.jpeg,480,640,SARUNG_TANGAN,45,393,112,476
Foto Pemenuhan APD - 8565261.jpeg,480,640,SARUNG_TANGAN,114,395,175,478
Foto Pemenuhan APD - 8565261.jpeg,480,640,ROMPI,93,251,209,384
Foto Pemenuhan APD - 8565261.jpeg,480,640,SEPATU,132,156,214,251
Foto Pemenuhan APD - 8565261.jpeg,480,640,TAMBANG_SLING,211,145,366,268
Foto Pemenuhan APD - 8565358.jpeg,720,960,HELM,292,544,436,713
Foto Pemenuhan APD - 8565358.jpeg,720,960,SARUNG_TANGAN,458,516,573,689
Foto Pemenuhan APD - 8565358.jpeg,720,960,ROMPI,358,202,648,510
Foto Pemenuhan APD - 8565358.jpeg,720,960,SEPATU,124,200,275,377
Foto Pemenuhan APD - 8565574.jpeg,480,640,HELM,102,221,185,318
Foto Pemenuhan APD - 8565574.jpeg,480,640,SARUNG_TANGAN,190,248,256,297
Foto Pemenuhan APD - 8565574.jpeg,480,640,SARUNG_TANGAN,321,252,396,299
Foto Pemenuhan APD - 8565574.jpeg,480,640,ROMPI,211,6,426,158
Foto Pemenuhan APD - 8565574.jpeg,480,640,ROMPI,68,11,187,173
Foto Pemenuhan APD - 8565645.jpeg,480,640,HELM,98,203,184,301
Foto Pemenuhan APD - 8565645.jpeg,480,640,SARUNG_TANGAN,190,243,250,288
Foto Pemenuhan APD - 8565645.jpeg,480,640,SARUNG_TANGAN,301,259,364,304
Foto Pemenuhan APD - 8565645.jpeg,480,640,ROMPI,222,12,398,188
Foto Pemenuhan APD - 8566116.jpeg,480,640,HELM,48,364,145,469
Foto Pemenuhan APD - 8566116.jpeg,480,640,SEPATU,236,192,311,291
Foto Pemenuhan APD - 8566116.jpeg,480,640,TAMBANG_SLING,111,229,210,321
Foto Pemenuhan APD - 8566425.jpeg,720,960,HELM,1,186,176,392
Foto Pemenuhan APD - 8566425.jpeg,720,960,ROMPI,452,150,720,612
Foto Pemenuhan APD - 8566425.jpeg,720,960,SEPATU,200,140,410,393
Foto Pemenuhan APD - 8568278.jpeg,720,960,HELM,22,68,195,257
Foto Pemenuhan APD - 8568278.jpeg,720,960,ROMPI,412,68,699,479
Foto Pemenuhan APD - 8568278.jpeg,720,960,SEPATU,226,28,408,266
Foto Pemenuhan APD - 8568278.jpeg,720,960,TAMBANG_SLING,335,491,585,787
Foto Pemenuhan APD - 8568910.jpeg,480,640,HELM,311,253,390,349
Foto Pemenuhan APD - 8568910.jpeg,480,640,SARUNG_TANGAN,138,314,212,356
Foto Pemenuhan APD - 8568910.jpeg,480,640,SEPATU,306,93,373,186
Foto Pemenuhan APD - 8568910.jpeg,480,640,TAMBANG_SLING,212,103,281,325
Foto Pemenuhan APD - 8570109.jpeg,480,640,HELM,152,107,271,205
Foto Pemenuhan APD - 8570109.jpeg,480,640,SARUNG_TANGAN,59,133,156,190
Foto Pemenuhan APD - 8570109.jpeg,480,640,SARUNG_TANGAN,68,187,166,245
Foto Pemenuhan APD - 8570109.jpeg,480,640,ROMPI,102,237,204,354
Foto Pemenuhan APD - 8570109.jpeg,480,640,SEPATU,204,252,310,361
Foto Pemenuhan APD - 8570318.jpeg,480,640,SARUNG_TANGAN,242,394,355,445
Foto Pemenuhan APD - 8570318.jpeg,480,640,ROMPI,73,201,167,287
Foto Pemenuhan APD - 8570318.jpeg,480,640,SEPATU,202,80,329,210
Foto Pemenuhan APD - 8570318.jpeg,480,640,TAMBANG_SLING,35,285,204,460
Foto Pemenuhan APD - 8572109.jpeg,480,640,HELM,272,215,468,364
Foto Pemenuhan APD - 8572109.jpeg,480,640,SARUNG_TANGAN,154,331,312,448
Foto Pemenuhan APD - 8572109.jpeg,480,640,ROMPI,228,6,472,216
Foto Pemenuhan APD - 8572109.jpeg,480,640,SEPATU,1,19,237,238
Foto Pemenuhan APD - 8577946.jpeg,480,640,HELM,296,105,441,246
Foto Pemenuhan APD - 8577946.jpeg,480,640,SARUNG_TANGAN,209,205,308,309
Foto Pemenuhan APD - 8577946.jpeg,480,640,SEPATU,328,275,480,507
Foto Pemenuhan APD - 8577946.jpeg,480,640,TAMBANG_SLING,12,279,295,525
Foto Pemenuhan APD - 8582159.jpeg,480,640,HELM,291,129,437,305
Foto Pemenuhan APD - 8582159.jpeg,480,640,SARUNG_TANGAN,281,303,358,450
Foto Pemenuhan APD - 8582159.jpeg,480,640,ROMPI,169,137,289,330
Foto Pemenuhan APD - 8582159.jpeg,480,640,SEPATU,6,107,170,313
Foto Pemenuhan APD - 8582348.jpeg,480,640,HELM,303,208,421,338
Foto Pemenuhan APD - 8582348.jpeg,480,640,SARUNG_TANGAN,115,196,205,303
Foto Pemenuhan APD - 8582348.jpeg,480,640,ROMPI,43,290,214,521
Foto Pemenuhan APD - 8582593.jpeg,480,640,HELM,146,301,282,425
Foto Pemenuhan APD - 8582593.jpeg,480,640,ROMPI,114,155,306,303
Foto Pemenuhan APD - 8582777.jpeg,480,640,HELM,125,175,311,337
Foto Pemenuhan APD - 8582777.jpeg,480,640,ROMPI,48,1,281,177
Foto Pemenuhan APD - 8587711.jpeg,480,640,HELM,300,339,401,460
Foto Pemenuhan APD - 8587711.jpeg,480,640,ROMPI,329,244,456,340
Foto Pemenuhan APD - 8587711.jpeg,480,640,SEPATU,158,304,285,471
Foto Pemenuhan APD - 8587711.jpeg,480,640,TAMBANG_SLING,196,184,281,305
Foto Pemenuhan APD - 8587711.jpeg,480,640,SARUNG_TANGAN,283,171,341,238
Foto Pemenuhan APD - 8587711.jpeg,480,640,SARUNG_TANGAN,343,179,403,245
Foto Pemenuhan APD - 8587780.jpeg,480,640,HELM,69,13,243,225
Foto Pemenuhan APD - 8587780.jpeg,480,640,ROMPI,241,88,362,301
Foto Pemenuhan APD - 8587780.jpeg,480,640,TAMBANG_SLING,358,267,426,421
Foto Pemenuhan APD - 8588219.jpeg,480,640,HELM,299,369,391,467
Foto Pemenuhan APD - 8588219.jpeg,480,640,SARUNG_TANGAN,29,260,115,380
Foto Pemenuhan APD - 8588219.jpeg,480,640,ROMPI,158,346,295,505
Foto Pemenuhan APD - 8588219.jpeg,480,640,SEPATU,48,25,234,202
Foto Pemenuhan APD - 8588881.jpeg,480,640,HELM,1,165,95,283
Foto Pemenuhan APD - 8588881.jpeg,480,640,ROMPI,129,75,312,292
Foto Pemenuhan APD - 8588881.jpeg,480,640,SEPATU,27,73,127,179
Foto Pemenuhan APD - 8588881.jpeg,480,640,TAMBANG_SLING,269,310,460,506
Foto Pemenuhan APD - 8589135.jpeg,480,640,HELM,238,227,360,326
Foto Pemenuhan APD - 8589135.jpeg,480,640,SARUNG_TANGAN,57,373,136,474
Foto Pemenuhan APD - 8589135.jpeg,480,640,ROMPI,48,119,226,379
Foto Pemenuhan APD - 8589298.jpeg,480,640,HELM,310,290,408,373
Foto Pemenuhan APD - 8589298.jpeg,480,640,SARUNG_TANGAN,322,421,416,459
Foto Pemenuhan APD - 8589298.jpeg,480,640,ROMPI,87,162,256,373
Foto Pemenuhan APD - 8589298.jpeg,480,640,SEPATU,130,377,251,490
Foto Pemenuhan APD - 8589476.jpeg,480,640,HELM,71,106,168,220
Foto Pemenuhan APD - 8589476.jpeg,480,640,TAMBANG_SLING,143,244,250,348
Foto Pemenuhan APD - 8590163.jpeg,720,960,HELM,379,286,541,416
Foto Pemenuhan APD - 8590163.jpeg,720,960,SARUNG_TANGAN,148,511,260,645
Foto Pemenuhan APD - 8590163.jpeg,720,960,ROMPI,144,167,364,506
Foto Pemenuhan APD - 8590163.jpeg,720,960,SEPATU,333,60,553,271
Foto Pemenuhan APD - 8590185.jpeg,480,640,HELM,246,231,338,345
Foto Pemenuhan APD - 8590185.jpeg,480,640,SARUNG_TANGAN,150,354,197,459
Foto Pemenuhan APD - 8590185.jpeg,480,640,TAMBANG_SLING,6,131,121,466
Foto Pemenuhan APD - 8590215.jpeg,480,640,HELM,2,188,144,299
Foto Pemenuhan APD - 8590215.jpeg,480,640,SARUNG_TANGAN,172,25,273,102
Foto Pemenuhan APD - 8590215.jpeg,480,640,SARUNG_TANGAN,144,97,254,157
Foto Pemenuhan APD - 8590215.jpeg,480,640,ROMPI,136,202,373,326
Foto Pemenuhan APD - 8590215.jpeg,480,640,SEPATU,282,107,420,204
Foto Pemenuhan APD - 8590215.jpeg,480,640,TAMBANG_SLING,22,321,426,422
Foto Pemenuhan APD - 8590365.jpeg,480,640,HELM,265,219,364,305
Foto Pemenuhan APD - 8590365.jpeg,480,640,SARUNG_TANGAN,201,424,299,479
Foto Pemenuhan APD - 8590365.jpeg,480,640,ROMPI,31,169,213,429
Foto Pemenuhan APD - 8590365.jpeg,480,640,SEPATU,220,325,366,436
Foto Pemenuhan APD - 8590467.jpeg,480,640,HELM,44,232,173,337
Foto Pemenuhan APD - 8590467.jpeg,480,640,SARUNG_TANGAN,141,13,243,71
Foto Pemenuhan APD - 8590467.jpeg,480,640,ROMPI,229,98,417,373
Foto Pemenuhan APD - 8590467.jpeg,480,640,SEPATU,47,96,215,217
Foto Pemenuhan APD - 8590475.jpeg,480,640,HELM,210,83,289,187
Foto Pemenuhan APD - 8590475.jpeg,480,640,SARUNG_TANGAN,152,215,210,301
Foto Pemenuhan APD - 8590475.jpeg,480,640,SARUNG_TANGAN,206,204,268,287
Foto Pemenuhan APD - 8590475.jpeg,480,640,ROMPI,290,79,421,306
Foto Pemenuhan APD - 8590475.jpeg,480,640,SEPATU,287,292,398,436
Foto Pemenuhan APD - 8590475.jpeg,480,640,TAMBANG_SLING,145,307,289,444
Foto Pemenuhan APD - 8590866.jpeg,480,640,HELM,41,349,175,456
Foto Pemenuhan APD - 8590866.jpeg,480,640,ROMPI,197,256,364,527
Foto Pemenuhan APD - 8590866.jpeg,480,640,SEPATU,39,237,202,346
Foto Pemenuhan APD - 8590866.jpeg,480,640,TAMBANG_SLING,225,17,354,234
Foto Pemenuhan APD - 8590891.jpeg,480,640,HELM,43,377,196,497
Foto Pemenuhan APD - 8590891.jpeg,480,640,SEPATU,45,260,228,375
Foto Pemenuhan APD - 8590891.jpeg,480,640,TAMBANG_SLING,250,15,381,250
Foto Pemenuhan APD - 8591178.jpeg,480,640,HELM,2,288,118,394
Foto Pemenuhan APD - 8591178.jpeg,480,640,SARUNG_TANGAN,297,238,373,342
Foto Pemenuhan APD - 8591178.jpeg,480,640,ROMPI,48,41,253,296
Foto Pemenuhan APD - 8591178.jpeg,480,640,SEPATU,253,46,401,192
Foto Pemenuhan APD - 8591178.jpeg,480,640,TAMBANG_SLING,374,226,475,542
Foto Pemenuhan APD - 8591209.jpeg,480,640,HELM,334,182,460,341
Foto Pemenuhan APD - 8591209.jpeg,480,640,ROMPI,174,189,336,372
Foto Pemenuhan APD - 8591209.jpeg,480,640,SEPATU,312,346,480,577
Foto Pemenuhan APD - 8591916.jpeg,480,640,HELM,49,261,149,367
Foto Pemenuhan APD - 8591916.jpeg,480,640,SARUNG_TANGAN,231,281,289,363
Foto Pemenuhan APD - 8591916.jpeg,480,640,SARUNG_TANGAN,275,333,337,421
Foto Pemenuhan APD - 8591916.jpeg,480,640,ROMPI,119,58,310,273
Foto Pemenuhan APD - 8591916.jpeg,480,640,SEPATU,313,54,440,180
Foto Pemenuhan APD - 8591916.jpeg,480,640,TAMBANG_SLING,348,203,446,562
Foto Pemenuhan APD - 8592200.jpeg,480,640,HELM,1,387,121,529
Foto Pemenuhan APD - 8592200.jpeg,480,640,SARUNG_TANGAN,275,317,345,431
Foto Pemenuhan APD - 8592200.jpeg,480,640,SARUNG_TANGAN,341,310,404,438
Foto Pemenuhan APD - 8592200.jpeg,480,640,ROMPI,38,81,255,381
Foto Pemenuhan APD - 8592200.jpeg,480,640,SEPATU,251,5,385,185
Foto Pemenuhan APD - 8592200.jpeg,480,640,TAMBANG_SLING,393,54,471,435
Foto Pemenuhan APD - 8592270.jpeg,480,640,HELM,321,440,462,567
Foto Pemenuhan APD - 8592270.jpeg,480,640,SARUNG_TANGAN,331,275,432,348
Foto Pemenuhan APD - 8592270.jpeg,480,640,SARUNG_TANGAN,358,340,445,431
Foto Pemenuhan APD - 8592270.jpeg,480,640,ROMPI,87,276,333,467
Foto Pemenuhan APD - 8592527.jpeg,480,640,SARUNG_TANGAN,318,240,391,326
Foto Pemenuhan APD - 8592527.jpeg,480,640,SARUNG_TANGAN,253,210,327,317
Foto Pemenuhan APD - 8592527.jpeg,480,640,ROMPI,27,97,241,357
Foto Pemenuhan APD - 8592527.jpeg,480,640,SEPATU,237,65,375,221
Foto Pemenuhan APD - 8594315.jpeg,480,640,HELM,193,267,278,364
Foto Pemenuhan APD - 8594315.jpeg,480,640,ROMPI,302,235,422,410
Foto Pemenuhan APD - 8594315.jpeg,480,640,SEPATU,217,162,303,273
Foto Pemenuhan APD - 8595115.jpeg,480,640,HELM,185,248,271,330
Foto Pemenuhan APD - 8595115.jpeg,480,640,SARUNG_TANGAN,183,337,245,419
Foto Pemenuhan APD - 8595115.jpeg,480,640,SARUNG_TANGAN,238,333,289,419
Foto Pemenuhan APD - 8595115.jpeg,480,640,ROMPI,1,254,185,446
Foto Pemenuhan APD - 8595459.jpeg,480,640,HELM,223,216,322,307
Foto Pemenuhan APD - 8595459.jpeg,480,640,SARUNG_TANGAN,39,275,150,340
Foto Pemenuhan APD - 8595459.jpeg,480,640,SARUNG_TANGAN,46,212,164,282
Foto Pemenuhan APD - 8595459.jpeg,480,640,ROMPI,187,326,368,522
Foto Pemenuhan APD - 8595459.jpeg,480,640,SEPATU,27,355,191,490
Foto Pemenuhan APD - 8595626.jpeg,480,640,HELM,12,339,121,462
Foto Pemenuhan APD - 8595626.jpeg,480,640,ROMPI,258,132,431,346
Foto Pemenuhan APD - 8595626.jpeg,480,640,SEPATU,271,340,381,479
Foto Pemenuhan APD - 8595626.jpeg,480,640,TAMBANG_SLING,85,131,201,317
Foto Pemenuhan APD - 8595880.jpeg,480,640,HELM,145,27,278,151
Foto Pemenuhan APD - 8595880.jpeg,480,640,SARUNG_TANGAN,1,249,131,327
Foto Pemenuhan APD - 8595880.jpeg,480,640,SARUNG_TANGAN,1,322,134,405
Foto Pemenuhan APD - 8595880.jpeg,480,640,SEPATU,276,38,420,168
Foto Pemenuhan APD - 8596046.jpeg,480,640,SEPATU,111,176,251,277
Foto Pemenuhan APD - 8596046.jpeg,480,640,HELM,241,274,357,366
Foto Pemenuhan APD - 8596046.jpeg,480,640,TAMBANG_SLING,207,383,377,506
Foto Pemenuhan APD - 8596050.jpeg,480,640,SARUNG TANGAN,40,7,304,245
Foto Pemenuhan APD - 8596050.jpeg,480,640,SEPATU,59,252,185,338
Foto Pemenuhan APD - 8596050.jpeg,480,640,HELM,104,346,225,434
Foto Pemenuhan APD - 8596206.jpeg,480,640,HELM,125,208,242,312
Foto Pemenuhan APD - 8596206.jpeg,480,640,SEPATU,244,222,359,319
Foto Pemenuhan APD - 8596282.jpeg,480,640,HELM,326,55,457,163
Foto Pemenuhan APD - 8597975.jpeg,480,640,SEPATU,269,164,411,289
Foto Pemenuhan APD - 8597975.jpeg,480,640,HELM,290,313,416,453
Foto Pemenuhan APD - 8598028.jpeg,480,640,HELM,68,212,149,299
Foto Pemenuhan APD - 8598028.jpeg,480,640,ROMPI,159,188,338,374
Foto Pemenuhan APD - 8598028.jpeg,480,640,SEPATU,19,324,123,453
Foto Pemenuhan APD - 8598028.jpeg,480,640,SARUNG TANGAN,131,381,229,535
Foto Pemenuhan APD - 8598028.jpeg,480,640,TAMBANG_SLING,340,209,476,505
Foto Pemenuhan APD - 8598232.jpeg,480,640,SARUNG TANGAN,93,388,195,480
Foto Pemenuhan APD - 8598232.jpeg,480,640,TAMBANG_SLING,71,270,226,384
Foto Pemenuhan APD - 8598307.jpeg,480,640,SEPATU,346,353,467,519
Foto Pemenuhan APD - 8598307.jpeg,480,640,HELM,238,361,345,498
Foto Pemenuhan APD - 8598310.jpeg,480,640,HELM,62,389,152,491
Foto Pemenuhan APD - 8598326.jpeg,480,640,SEPATU,305,255,404,388
Foto Pemenuhan APD - 8598326.jpeg,480,640,HELM,209,256,303,366
Foto Pemenuhan APD - 8598405.jpeg,480,640,SARUNG TANGAN,157,161,259,293
Foto Pemenuhan APD - 8598405.jpeg,480,640,SEPATU,231,17,335,147
Foto Pemenuhan APD - 8598405.jpeg,480,640,TAMBANG_SLING,257,158,387,467
Foto Pemenuhan APD - 8598405.jpeg,480,640,HELM,129,318,238,436
Foto Pemenuhan APD - 8598664.jpeg,480,640,SEPATU,324,298,438,420
Foto Pemenuhan APD - 8598664.jpeg,480,640,HELM,34,332,140,463
Foto Pemenuhan APD - 8598664.jpeg,480,640,TAMBANG_SLING,239,192,430,294
Foto Pemenuhan APD - 8598664.jpeg,480,640,SARUNG TANGAN,258,391,317,489
Foto Pemenuhan APD - 8598864.jpeg,480,640,SARUNG TANGAN,363,370,454,462
Foto Pemenuhan APD - 8598864.jpeg,480,640,SEPATU,265,329,364,458
Foto Pemenuhan APD - 8598864.jpeg,480,640,HELM,2,357,94,442
Foto Pemenuhan APD - 8598890.jpeg,480,640,HELM,197,345,319,512
Foto Pemenuhan APD - 8598890.jpeg,480,640,SARUNG TANGAN,383,340,465,444
Foto Pemenuhan APD - 8598890.jpeg,480,640,SEPATU,204,219,314,347
Foto Pemenuhan APD - 8601739.jpeg,480,640,ROMPI,235,117,388,382
Foto Pemenuhan APD - 8601739.jpeg,480,640,HELM,127,117,220,245
Foto Pemenuhan APD - 8601739.jpeg,480,640,SEPATU,108,259,217,391
Foto Pemenuhan APD - 8601739.jpeg,480,640,SARUNG TANGAN,229,30,331,116
Foto Pemenuhan APD - 8601792.jpeg,480,640,ROMPI,133,25,345,207
Foto Pemenuhan APD - 8601792.jpeg,480,640,HELM,131,226,252,312
Foto Pemenuhan APD - 8601792.jpeg,480,640,SARUNG TANGAN,269,239,348,329
Foto Pemenuhan APD - 8601792.jpeg,480,640,SEPATU,271,443,383,531
Foto Pemenuhan APD - 8601879.jpeg,480,640,HELM,146,198,263,295
Foto Pemenuhan APD - 8601879.jpeg,480,640,SEPATU,285,148,385,234
Foto Pemenuhan APD - 8601879.jpeg,480,640,SARUNG TANGAN,277,234,343,332
Foto Pemenuhan APD - 8602155.jpeg,480,640,ROMPI,123,348,431,590
Foto Pemenuhan APD - 8602155.jpeg,480,640,HELM,169,53,290,152
Foto Pemenuhan APD - 8602155.jpeg,480,640,SEPATU,54,133,176,222
Foto Pemenuhan APD - 8602155.jpeg,480,640,SARUNG TANGAN,297,56,411,162
Foto Pemenuhan APD - 8602380.jpeg,480,640,HELM,226,214,307,310
Foto Pemenuhan APD - 8602380.jpeg,480,640,SEPATU,16,377,126,511
Foto Pemenuhan APD - 8602380.jpeg,480,640,SARUNG TANGAN,158,393,266,482
Foto Pemenuhan APD - 8602462.jpeg,480,640,ROMPI,268,206,440,381
Foto Pemenuhan APD - 8602462.jpeg,480,640,HELM,351,388,426,498
Foto Pemenuhan APD - 8602462.jpeg,480,640,SEPATU,178,295,252,398
Foto Pemenuhan APD - 8602462.jpeg,480,640,TAMBANG_SLING,23,194,154,455
Foto Pemenuhan APD - 8602462.jpeg,480,640,SARUNG TANGAN,285,400,338,498
Foto Pemenuhan APD - 8602462.jpeg,480,640,SARUNG TANGAN,230,415,290,508
Foto Pemenuhan APD - 8602677.jpeg,480,640,ROMPI,293,322,480,568
Foto Pemenuhan APD - 8602677.jpeg,480,640,HELM,272,248,338,322
Foto Pemenuhan APD - 8602677.jpeg,480,640,HELM,57,298,136,375
Foto Pemenuhan APD - 8602678.jpeg,480,640,ROMPI,294,333,480,574
Foto Pemenuhan APD - 8602678.jpeg,480,640,HELM,80,289,155,374
Foto Pemenuhan APD - 8602764.jpeg,480,640,HELM,323,184,402,259
Foto Pemenuhan APD - 8602764.jpeg,480,640,SARUNG TANGAN,76,397,170,466
Foto Pemenuhan APD - 8602764.jpeg,480,640,ROMPI,223,386,431,585
Foto Pemenuhan APD - 8602764.jpeg,480,640,SEPATU,312,286,421,324
Foto Pemenuhan APD - 8602764.jpeg,480,640,SEPATU,309,334,423,380
Foto Pemenuhan APD - 8602764.jpeg,480,640,TAMBANG_SLING,240,70,313,341
Foto Pemenuhan APD - 8602848.jpeg,480,640,HELM,3,302,88,410
Foto Pemenuhan APD - 8602848.jpeg,480,640,SARUNG TANGAN,93,308,191,408
Foto Pemenuhan APD - 8602848.jpeg,480,640,ROMPI,303,186,480,372
Foto Pemenuhan APD - 8602848.jpeg,480,640,SEPATU,226,365,306,486
Foto Pemenuhan APD - 8603176.jpeg,480,640,SEPATU,203,17,350,148
Foto Pemenuhan APD - 8603176.jpeg,480,640,SARUNG TANGAN,262,171,395,288
Foto Pemenuhan APD - 8603176.jpeg,480,640,HELM,127,143,236,279
Foto Pemenuhan APD - 8603176.jpeg,480,640,TAMBANG_SLING,252,294,428,521
Foto Pemenuhan APD - 8603331.jpeg,480,640,HELM,2,236,121,367
Foto Pemenuhan APD - 8603331.jpeg,480,640,ROMPI,112,16,333,298
Foto Pemenuhan APD - 8603331.jpeg,480,640,TAMBANG_SLING,270,311,458,536
Foto Pemenuhan APD - 8603394.jpeg,480,640,HELM,145,200,212,290
Foto Pemenuhan APD - 8603394.jpeg,480,640,SEPATU,185,341,278,466
Foto Pemenuhan APD - 8603394.jpeg,480,640,TAMBANG_SLING,355,167,429,305
Foto Pemenuhan APD - 8603394.jpeg,480,640,SARUNG TANGAN,302,214,352,292
Foto Pemenuhan APD - 8603887.jpeg,480,640,HELM,69,119,176,252
Foto Pemenuhan APD - 8603901.jpeg,480,640,HELM,38,348,158,449
Foto Pemenuhan APD - 8603901.jpeg,480,640,ROMPI,157,306,408,524
Foto Pemenuhan APD - 8603901.jpeg,480,640,SEPATU,193,210,320,306
Foto Pemenuhan APD - 8603901.jpeg,480,640,TAMBANG_SLING,340,124,464,307
Foto Pemenuhan APD - 8603901.jpeg,480,640,SARUNG TANGAN,80,221,183,299
Foto Pemenuhan APD - 8604952.jpeg,480,640,SEPATU,200,200,277,301
Foto Pemenuhan APD - 8604952.jpeg,480,640,HELM,300,185,377,279
Foto Pemenuhan APD - 8604952.jpeg,480,640,TAMBANG_SLING,326,293,413,488
Foto Pemenuhan APD - 8604952.jpeg,480,640,SARUNG TANGAN,193,388,282,472
Foto Pemenuhan APD - 8604999.jpeg,480,640,ROMPI,236,346,452,511
Foto Pemenuhan APD - 8604999.jpeg,480,640,TAMBANG_SLING,43,211,193,364
Foto Pemenuhan APD - 8604999.jpeg,480,640,SEPATU,235,236,347,319
Foto Pemenuhan APD - 8605014.jpeg,480,640,SEPATU,208,173,294,282
Foto Pemenuhan APD - 8605014.jpeg,480,640,HELM,7,349,119,471
Foto Pemenuhan APD - 8605014.jpeg,480,640,TAMBANG_SLING,316,237,455,413
Foto Pemenuhan APD - 8605014.jpeg,480,640,SARUNG TANGAN,133,307,209,391
Foto Pemenuhan APD - 8605264.jpeg,480,640,SARUNG TANGAN,187,145,326,250
Foto Pemenuhan APD - 8605264.jpeg,480,640,SEPATU,286,287,459,438
Foto Pemenuhan APD - 8605527.jpeg,480,640,HELM,69,182,171,306
Foto Pemenuhan APD - 8605527.jpeg,480,640,SEPATU,31,307,188,418
Foto Pemenuhan APD - 8605527.jpeg,480,640,TAMBANG_SLING,333,216,427,331
Foto Pemenuhan APD - 8605529.jpeg,480,640,SEPATU,343,331,480,514
Foto Pemenuhan APD - 8605529.jpeg,480,640,TAMBANG_SLING,314,93,464,321
Foto Pemenuhan APD - 8605529.jpeg,480,640,HELM,4,127,118,274
Foto Pemenuhan APD - 8605634.jpeg,480,640,SARUNG TANGAN,246,313,321,424
Foto Pemenuhan APD - 8605634.jpeg,480,640,ROMPI,24,26,259,217
Foto Pemenuhan APD - 8605634.jpeg,480,640,HELM,228,172,321,293
Foto Pemenuhan APD - 8605777.jpeg,480,640,TAMBANG_SLING,70,69,221,299
Foto Pemenuhan APD - 8605777.jpeg,480,640,SARUNG TANGAN,47,336,129,455
Foto Pemenuhan APD - 8605777.jpeg,480,640,HELM,283,306,432,414
Foto Pemenuhan APD - 8605778.jpeg,480,640,SARUNG TANGAN,123,245,195,286
Foto Pemenuhan APD - 8605778.jpeg,480,640,HELM,134,389,214,501
Foto Pemenuhan APD - 8608727.jpeg,480,640,SEPATU,143,274,291,379
Foto Pemenuhan APD - 8608727.jpeg,480,640,TAMBANG_SLING,127,179,288,274
Foto Pemenuhan APD - 8608834.jpeg,480,640,SEPATU,195,264,331,379
Foto Pemenuhan APD - 8608834.jpeg,480,640,HELM,64,219,190,355
Foto Pemenuhan APD - 8608975.jpeg,480,640,HELM,109,145,188,242
Foto Pemenuhan APD - 8609860.jpeg,480,640,HELM,159,205,276,299
Foto Pemenuhan APD - 8609860.jpeg,480,640,TAMBANG_SLING,229,405,439,495
Foto Pemenuhan APD - 8609860.jpeg,480,640,SARUNG TANGAN,309,279,406,386
Foto Pemenuhan APD - 8609860.jpeg,480,640,SEPATU,52,98,181,214
Foto Pemenuhan APD - 8610242.jpeg,480,640,TAMBANG_SLING,54,43,152,417
Foto Pemenuhan APD - 8610242.jpeg,480,640,SEPATU,150,304,275,460
Foto Pemenuhan APD - 8610559.jpeg,480,640,ROMPI,31,261,254,524
KONDISI_ALAT_PELINDUNG_1.jpg,768,1024,HELM,188,313,554,794
KONDISI_ALAT_PELINDUNG_108.jpeg,864,1152,SEPATU,40,441,740,867
KONDISI_ALAT_PELINDUNG_16.jpg,2560,1440,SEPATU,792,709,1411,1183
KONDISI_ALAT_PELINDUNG_2.jpg,1280,960,SARUNG_TANGAN,546,555,657,713
KONDISI_ALAT_PELINDUNG_2.jpg,1280,960,HELM,753,536,964,794
KONDISI_ALAT_PELINDUNG_2.jpg,1280,960,SEPATU,269,400,492,701
KONDISI_ALAT_PELINDUNG_2.jpg,1280,960,TAMBANG_SLING,531,152,880,447
KONDISI_ALAT_PELINDUNG_20.jpg,1200,1600,TAMBANG_SLING,81,779,609,1141
KONDISI_ALAT_PELINDUNG_20.jpg,1200,1600,SARUNG_TANGAN,789,734,1011,1073
KONDISI_ALAT_PELINDUNG_21.jpg,1200,1600,HELM,737,204,1132,637
KONDISI_ALAT_PELINDUNG_21.jpg,1200,1600,TAMBANG_SLING,262,817,976,1293
KONDISI_ALAT_PELINDUNG_27.jpg,388,519,SARUNG_TANGAN,6,204,116,260
KONDISI_ALAT_PELINDUNG_3.jpg,1477,1108,TAMBANG_SLING,747,317,1098,822
KONDISI_ALAT_PELINDUNG_3.jpg,1477,1108,SARUNG_TANGAN,448,428,587,642
KONDISI_ALAT_PELINDUNG_3.jpg,1477,1108,SEPATU,430,163,652,390
KONDISI_ALAT_PELINDUNG_3.jpg,1477,1108,HELM,250,657,556,908
KONDISI_ALAT_PELINDUNG_31.jpg,696,520,TAMBANG_SLING,151,132,421,333
KONDISI_ALAT_PELINDUNG_39.jpg,768,1024,ROMPI,150,246,675,687
KONDISI_ALAT_PELINDUNG_4.jpg,720,1600,SEPATU,522,399,714,658
KONDISI_ALAT_PELINDUNG_4.jpg,720,1600,HELM,80,233,257,493
KONDISI_ALAT_PELINDUNG_40.jpg,768,1024,ROMPI,160,258,661,655
KONDISI_ALAT_PELINDUNG_43.jpg,1184,836,SARUNG_TANGAN,627,66,845,232
KONDISI_ALAT_PELINDUNG_43.jpg,1184,836,TAMBANG_SLING,487,360,818,781
KONDISI_ALAT_PELINDUNG_44.jpg,768,1024,SEPATU,97,212,521,822
KONDISI_ALAT_PELINDUNG_48.jpg,768,1024,SEPATU,178,217,495,674
KONDISI_ALAT_PELINDUNG_49.jpg,768,1024,ROMPI,131,129,585,705
KONDISI_ALAT_PELINDUNG_5.jpeg,1152,864,ROMPI,221,105,951,761
KONDISI_ALAT_PELINDUNG_50.jpeg,768,1024,ROMPI,156,277,728,762
KONDISI_ALAT_PELINDUNG_52.jpg,768,1024,ROMPI,115,247,671,697
KONDISI_ALAT_PELINDUNG_53.jpg,768,1024,ROMPI,106,147,614,815
KONDISI_ALAT_PELINDUNG_6.jpeg,1152,864,SEPATU,58,351,186,506
KONDISI_ALAT_PELINDUNG_6.jpeg,1152,864,ROMPI,206,380,362,514
KONDISI_ALAT_PELINDUNG_6.jpeg,1152,864,SARUNG_TANGAN,1068,488,1152,606
KONDISI_ALAT_PELINDUNG_61.jpg,867,1156,SEPATU,147,394,681,822
KONDISI_ALAT_PELINDUNG_62.jpg,867,1156,HELM,432,417,824,901
KONDISI_ALAT_PELINDUNG_63.jpg,1024,768,HELM,614,192,917,379
KONDISI_ALAT_PELINDUNG_65.jpg,1024,768,SARUNG_TANGAN,560,151,836,672
KONDISI_ALAT_PELINDUNG_7.jpg,4000,1848,SARUNG_TANGAN,2214,1091,2561,1560
KONDISI_ALAT_PELINDUNG_7.jpg,4000,1848,TAMBANG_SLING,801,374,1648,1734
KONDISI_ALAT_PELINDUNG_73.jpeg,1024,768,SARUNG_TANGAN,465,312,690,555
KONDISI_ALAT_PELINDUNG_75.jpg,1200,1600,TAMBANG_SLING,166,286,749,663
KONDISI_ALAT_PELINDUNG_76.jpg,1600,1200,SEPATU,278,294,1163,1015
KONDISI_ALAT_PELINDUNG_8.jpg,1200,1600,TAMBANG_SLING,582,566,943,828
KONDISI_ALAT_PELINDUNG_8.jpg,1200,1600,SEPATU,290,598,527,928
KONDISI_ALAT_PELINDUNG_84.jpeg,960,1280,TAMBANG_SLING,208,308,615,1066
KONDISI_ALAT_PELINDUNG_86.jpeg,1600,1200,ROMPI,451,25,1126,477
KONDISI_ALAT_PELINDUNG_86.jpeg,1600,1200,HELM,351,579,662,841
KONDISI_ALAT_PELINDUNG_87.jpeg,1600,1200,ROMPI,936,420,1474,1112
KONDISI_ALAT_PELINDUNG_87.jpeg,1600,1200,HELM,507,403,794,682
KONDISI_ALAT_PELINDUNG_88.jpeg,864,1152,ROMPI,248,362,670,917
KONDISI_ALAT_PELINDUNG_89.jpg,1200,1600,HELM,511,634,701,814
KONDISI_ALAT_PELINDUNG_89.jpg,1200,1600,SARUNG_TANGAN,649,1099,752,1380
KONDISI_ALAT_PELINDUNG_89.jpg,1200,1600,TAMBANG_SLING,189,901,479,1306
KONDISI_ALAT_PELINDUNG_9.jpg,960,1280,HELM,200,290,387,540
KONDISI_ALAT_PELINDUNG_9.jpg,960,1280,SARUNG_TANGAN,519,780,731,938
KONDISI_ALAT_PELINDUNG_90.jpeg,864,1152,SARUNG_TANGAN,231,310,619,1054
KONDISI_ALAT_PELINDUNG_91.jpeg,864,1152,SARUNG_TANGAN,485,470,723,916
KONDISI_ALAT_PELINDUNG_92.jpeg,1152,864,ROMPI,211,153,938,686
KONDISI_ALAT_PELINDUNG_93.jpeg,1152,864,SEPATU,53,376,190,522
KONDISI_ALAT_PELINDUNG_93.jpeg,1152,864,TAMBANG_SLING,387,447,555,635
KONDISI_ALAT_PELINDUNG_93.jpeg,1152,864,HELM,817,464,937,603
KONDISI_ALAT_PELINDUNG_94.jpeg,1152,864,SEPATU,974,594,1107,754
KONDISI_ALAT_PELINDUNG_94.jpeg,1152,864,HELM,160,575,289,723
KONDISI_ALAT_PELINDUNG_94.jpeg,1152,864,TAMBANG_SLING,597,504,762,686
KONDISI_ALAT_PELINDUNG_94.jpeg,1152,864,ROMPI,787,435,929,566
KONDISI_ALAT_PELINDUNG_95.jpeg,864,1152,SEPATU,188,868,389,1063
KONDISI_ALAT_PELINDUNG_95.jpeg,864,1152,ROMPI,445,706,645,868
KONDISI_ALAT_PELINDUNG_95.jpeg,864,1152,TAMBANG_SLING,291,524,559,642
KONDISI_ALAT_PELINDUNG_95.jpeg,864,1152,HELM,393,242,520,346
KONDISI_ALAT_PELINDUNG_96.jpeg,864,1152,SARUNG_TANGAN,421,888,651,1005
KONDISI_ALAT_PELINDUNG_96.jpeg,864,1152,SEPATU,455,118,577,200
KONDISI_ALAT_PELINDUNG_97.jpeg,960,1280,TAMBANG_SLING,392,862,638,1188
KONDISI_ALAT_PELINDUNG_97.jpeg,960,1280,HELM,299,313,488,514
KONDISI_ALAT_PELINDUNG_99.jpeg,1200,1600,ROMPI,279,1066,716,1443
KONDISI_ALAT_PELINDUNG_99.jpeg,1200,1600,SARUNG_TANGAN,380,835,667,988
1690521774562.jpg,1200,1600,PENGGUNAAN_HELM,663,395,786,484
1690521774562.jpg,1200,1600,PENGGUNAAN_SARUNG_TANGAN,557,933,602,1011
1690521774562.jpg,1200,1600,PENGGUNAAN_SEPATU,579,1248,684,1322
IMG_20230802_124724.jpg,3120,4160,PENGGUNAAN_HELM,1520,429,2001,793
IMG_20230802_124724.jpg,3120,4160,PENGGUNAAN_SARUNG_TANGAN,2095,2512,2292,2894
IMG_20230803_123631.jpg,3120,4160,PENGGUNAAN_HELM,1586,937,1949,1209
IMG_20230803_123631.jpg,3120,4160,PENGGUNAAN_SARUNG_TANGAN,1292,2393,1410,2685
IMG_20230803_123631.jpg,3120,4160,PENGGUNAAN_SEPATU,1357,3224,1633,3566
IMG_20230808_113246.jpg,3120,4160,PENGGUNAAN_HELM,1534,502,1967,837
IMG_20230808_113246.jpg,3120,4160,PENGGUNAAN_SARUNG_TANGAN,2061,2374,2212,2723
IMG_20230811_114730.jpg,3120,4160,PENGGUNAAN_HELM,1542,662,1937,948
IMG_20230811_114730.jpg,3120,4160,PENGGUNAAN_SARUNG_TANGAN,1231,2302,1383,2657
IMG_20230811_114730.jpg,3120,4160,PENGGUNAAN_SEPATU,1294,3247,1597,3588
IMG-20230726-WA0043.jpg,1200,1600,PENGGUNAAN_HELM,532,535,651,617
IMG-20230726-WA0043.jpg,1200,1600,PENGGUNAAN_SARUNG_TANGAN,735,834,804,914
IMG-20230726-WA0043.jpg,1200,1600,PENGGUNAAN_SEPATU,477,1300,552,1405
IMG-20230726-WA0066.jpg,1200,1600,PENGGUNAAN_HELM,652,568,769,650
IMG-20230726-WA0066.jpg,1200,1600,PENGGUNAAN_SARUNG_TANGAN,501,791,570,881
IMG-20230726-WA0069.jpg,1034,1379,PENGGUNAAN_HELM,438,215,613,361
IMG-20230726-WA0069.jpg,1034,1379,PENGGUNAAN_SARUNG_TANGAN,668,736,746,839
IMG-20230805-WA0015.jpg,1200,1600,PENGGUNAAN_HELM,431,240,653,413
IMG-20230805-WA0015.jpg,1200,1600,PENGGUNAAN_SARUNG_TANGAN,295,899,423,1030
IMG-20230805-WA0022.jpg,1200,1600,PENGGUNAAN_HELM,482,163,674,336
IMG-20230805-WA0022.jpg,1200,1600,PENGGUNAAN_ROMPI,429,457,738,962
IMG-20230805-WA0022.jpg,1200,1600,PENGGUNAAN_SARUNG_TANGAN,685,837,822,972
IMG-20230805-WA0022.jpg,1200,1600,PENGGUNAAN_SEPATU,313,1443,464,1600
1691394935548.jpg,960,1280,PENGGUNAAN_ROMPI,317,251,592,760
1691394935548.jpg,960,1280,PENGGUNAAN_SARUNG_TANGAN,640,698,706,818
1691394935548.jpg,960,1280,PENGGUNAAN_SEPATU,562,1099,728,1210
IMG-20230807-WA0091.jpg,780,1040,PENGGUNAAN_HELM,343,138,487,250
IMG-20230807-WA0091.jpg,780,1040,PENGGUNAAN_ROMPI,320,333,516,651
IMG-20230807-WA0091.jpg,780,1040,PENGGUNAAN_SARUNG_TANGAN,526,638,586,715
IMG-20230807-WA0091.jpg,780,1040,PENGGUNAAN_SEPATU,212,926,344,1022
IMG-20230807-WA0100.jpg,780,1040,PENGGUNAAN_ROMPI,290,205,509,582
IMG-20230807-WA0100.jpg,780,1040,PENGGUNAAN_SARUNG_TANGAN,508,549,568,659
IMG-20230807-WA0100.jpg,780,1040,PENGGUNAAN_SEPATU,477,873,612,975
photo1691222728 (1).jpeg,960,1280,PENGGUNAAN_HELM,406,289,530,376
photo1691222728 (1).jpeg,960,1280,PENGGUNAAN_SARUNG_TANGAN,337,636,405,733
photo1691222728 (1).jpeg,960,1280,PENGGUNAAN_ROMPI,380,477,566,837
photo1691381749 (5).jpeg,960,1280,PENGGUNAAN_HELM,359,352,483,440
photo1691381749 (5).jpeg,960,1280,PENGGUNAAN_ROMPI,360,520,520,885
photo1691381749 (5).jpeg,960,1280,PENGGUNAAN_SARUNG_TANGAN,301,816,345,915
photo1691381749 (5).jpeg,960,1280,PENGGUNAAN_SEPATU,309,1153,409,1273
photo1691399476 (2).jpeg,960,1280,PENGGUNAAN_HELM,369,36,549,165
photo1691399476 (2).jpeg,960,1280,PENGGUNAAN_ROMPI,365,311,588,781
photo1691399476 (2).jpeg,960,1280,PENGGUNAAN_SARUNG_TANGAN,566,744,637,859
photo1691399476 (2).jpeg,960,1280,PENGGUNAAN_SEPATU,324,1117,460,1259
photo1691480335.jpeg,960,1280,PENGGUNAAN_HELM,444,249,582,352
photo1691480335.jpeg,960,1280,PENGGUNAAN_ROMPI,407,436,588,809
photo1691480335.jpeg,960,1280,PENGGUNAAN_SEPATU,347,1167,439,1276
photo1691558526 (2).jpeg,600,800,PENGGUNAAN_HELM,281,148,360,203
photo1691558526 (2).jpeg,600,800,PENGGUNAAN_ROMPI,268,258,362,476
photo1691558526 (2).jpeg,600,800,PENGGUNAAN_SEPATU,242,690,295,762
photo1691559622 (3).jpeg,600,800,PENGGUNAAN_SARUNG_TANGAN,383,297,459,350
photo1691559622 (3).jpeg,600,800,PENGGUNAAN_SEPATU,356,677,399,769
photo1691724017 (3).jpeg,960,1280,PENGGUNAAN_HELM,428,409,527,485
photo1691724017 (3).jpeg,960,1280,PENGGUNAAN_ROMPI,411,548,571,820
photo1691724017 (3).jpeg,960,1280,PENGGUNAAN_SARUNG_TANGAN,557,776,603,855
photo1691724017 (3).jpeg,960,1280,PENGGUNAAN_SEPATU,405,1035,479,1125
photo1691737370.jpeg,960,1280,PENGGUNAAN_HELM,369,398,475,475
photo1691737370.jpeg,960,1280,PENGGUNAAN_ROMPI,374,553,515,845
photo1691737370.jpeg,960,1280,PENGGUNAAN_SARUNG_TANGAN,328,824,374,907
photo1691737370.jpeg,960,1280,PENGGUNAAN_SEPATU,374,1094,455,1186
1691395197466.jpg,960,1280,PENGGUNAAN_HELM,421,61,589,170
1691395197466.jpg,960,1280,PENGGUNAAN_SEPATU,280,1094,414,1228
temp_51ef3401baa34ca18006d27e2e368ebd.jpeg,1500,2000,PENGGUNAAN_HELM,624,268,759,385
temp_51ef3401baa34ca18006d27e2e368ebd.jpeg,1500,2000,PENGGUNAAN_SARUNG_TANGAN,655,686,742,753
temp_51ef3401baa34ca18006d27e2e368ebd.jpeg,1500,2000,PENGGUNAAN_SEPATU,689,1222,808,1360
temp_431952c65a644d0faa3d62f1539b0b00.jpeg,1500,2000,PENGGUNAAN_HELM,641,487,779,603
temp_431952c65a644d0faa3d62f1539b0b00.jpeg,1500,2000,PENGGUNAAN_SARUNG_TANGAN,302,599,404,686
temp_431952c65a644d0faa3d62f1539b0b00.jpeg,1500,2000,PENGGUNAAN_SEPATU,414,1437,533,1597
temp_1234131d7787470aaff1358905a95480.jpeg,1524,2032,PENGGUNAAN_HELM,705,287,901,449
temp_1234131d7787470aaff1358905a95480.jpeg,1524,2032,PENGGUNAAN_SARUNG_TANGAN,598,1009,671,1121
temp_1234131d7787470aaff1358905a95480.jpeg,1524,2032,PENGGUNAAN_SEPATU,625,1401,743,1534
TimePhoto_20230727_145440.jpg,1728,2304,PENGGUNAAN_HELM,682,204,977,428
TimePhoto_20230727_145440.jpg,1728,2304,PENGGUNAAN_SARUNG_TANGAN,121,439,328,672
TimePhoto_20230727_145440.jpg,1728,2304,PENGGUNAAN_ROMPI,585,622,1091,1378
TimePhoto_20230727_150853.jpg,2400,3200,PENGGUNAAN_HELM,1102,629,1407,894
TimePhoto_20230727_150853.jpg,2400,3200,PENGGUNAAN_ROMPI,996,1147,1528,1972
TimePhoto_20230727_150853.jpg,2400,3200,PENGGUNAAN_SARUNG_TANGAN,812,1916,946,2124
TimePhoto_20230727_150853.jpg,2400,3200,PENGGUNAAN_SEPATU,862,2831,1106,3087
TimePhoto_20230728_102533.jpg,3000,4000,PENGGUNAAN_HELM,1256,865,1642,1158
TimePhoto_20230728_102533.jpg,3000,4000,PENGGUNAAN_SARUNG_TANGAN,2135,1365,2375,1744
TimePhoto_20230728_102533.jpg,3000,4000,PENGGUNAAN_SEPATU,854,3481,1201,3916
TimePhoto_20230807_133350.jpg,2448,3264,PENGGUNAAN_HELM,994,751,1221,918
TimePhoto_20230807_133350.jpg,2448,3264,PENGGUNAAN_SARUNG_TANGAN,705,1317,833,1440
TimePhoto_20230807_165153.jpg,2400,3200,PENGGUNAAN_HELM,936,651,1279,878
TimePhoto_20230807_165153.jpg,2400,3200,PENGGUNAAN_SARUNG_TANGAN,250,965,481,1235
TimePhoto_20230807_165153.jpg,2400,3200,PENGGUNAAN_ROMPI,859,1094,1413,2015
TimePhoto_20230807_165153.jpg,2400,3200,PENGGUNAAN_SEPATU,801,2559,1053,2851
1691395481970.jpg,960,1280,PENGGUNAAN_HELM,450,37,634,175
1691395481970.jpg,960,1280,PENGGUNAAN_SARUNG_TANGAN,261,594,369,729
1691395481970.jpg,960,1280,PENGGUNAAN_ROMPI,394,313,658,790
1691395481970.jpg,960,1280,PENGGUNAAN_SEPATU,246,1132,374,1269
TimePhoto_20230814_152617.jpg,1728,2304,PENGGUNAAN_SEPATU,567,1814,755,2078
WhatsApp Image 2023-07-27 at 13.34.33 (1).jpeg,1200,1600,PENGGUNAAN_HELM,457,646,579,724
WhatsApp Image 2023-07-27 at 13.34.33 (1).jpeg,1200,1600,PENGGUNAAN_ROMPI,413,850,621,1154
WhatsApp Image 2023-07-31 at 11.36.15.jpeg,1200,1600,PENGGUNAAN_SEPATU,557,1298,627,1457
WhatsApp Image 2023-08-03 at 20.36.55 (1).jpeg,1200,1600,PENGGUNAAN_HELM,432,409,545,497
WhatsApp Image 2023-08-03 at 20.36.55 (1).jpeg,1200,1600,PENGGUNAAN_ROMPI,400,591,614,918
WhatsApp Image 2023-08-03 at 20.36.55 (1).jpeg,1200,1600,PENGGUNAAN_SEPATU,585,1184,653,1297
WhatsApp Image 2023-08-03 at 20.36.55 (1).jpeg,1200,1600,PENGGUNAAN_SARUNG_TANGAN,644,618,715,702
WhatsApp Image 2023-08-07 at 12.37.40 (2).jpeg,1200,1600,PENGGUNAAN_HELM,498,260,616,382
WhatsApp Image 2023-08-07 at 12.37.40 (2).jpeg,1200,1600,PENGGUNAAN_ROMPI,493,428,631,745
WhatsApp Image 2023-08-07 at 12.37.40 (2).jpeg,1200,1600,PENGGUNAAN_SEPATU,489,1056,567,1144
WhatsApp Image 2023-08-08 at 08.55.41.jpeg,1200,1600,PENGGUNAAN_HELM,532,416,656,511
WhatsApp Image 2023-08-08 at 08.55.41.jpeg,1200,1600,PENGGUNAAN_ROMPI,520,588,683,972
WhatsApp Image 2023-08-08 at 08.55.41.jpeg,1200,1600,PENGGUNAAN_SARUNG_TANGAN,699,710,755,812
WhatsApp Image 2023-08-08 at 08.55.41.jpeg,1200,1600,PENGGUNAAN_SEPATU,431,1229,524,1353
WhatsApp Image 2023-08-08 at 11.05.24.jpeg,867,1156,PENGGUNAAN_HELM,410,303,496,368
WhatsApp Image 2023-08-08 at 11.05.24.jpeg,867,1156,PENGGUNAAN_SARUNG_TANGAN,334,580,403,657
WhatsApp Image 2023-08-08 at 11.05.24.jpeg,867,1156,PENGGUNAAN_ROMPI,395,429,516,672
WhatsApp Image 2023-08-08 at 11.05.24.jpeg,867,1156,PENGGUNAAN_SEPATU,320,901,390,1000
1691399660581.jpg,960,1280,PENGGUNAAN_HELM,485,143,641,262
1691399660581.jpg,960,1280,PENGGUNAAN_ROMPI,429,376,666,767
1691399660581.jpg,960,1280,PENGGUNAAN_SARUNG_TANGAN,695,732,747,841
1691399660581.jpg,960,1280,PENGGUNAAN_SEPATU,332,1088,453,1201
WhatsApp Image 2023-08-08 at 11.08.40 (1).jpeg,1200,1600,PENGGUNAAN_SEPATU,387,1268,521,1495
WhatsApp Image 2023-08-08 at 11.09.55(1).jpeg,1200,1600,PENGGUNAAN_HELM,456,430,594,530
WhatsApp Image 2023-08-08 at 11.09.55(1).jpeg,1200,1600,PENGGUNAAN_SARUNG_TANGAN,441,838,551,920
WhatsApp Image 2023-08-08 at 11.09.55(1).jpeg,1200,1600,PENGGUNAAN_SEPATU,375,1353,485,1517
WhatsApp Image 2023-08-08 at 13.42.59 (2).jpeg,1200,1600,PENGGUNAAN_ROMPI,425,218,629,651
WhatsApp Image 2023-08-08 at 13.42.59 (2).jpeg,1200,1600,PENGGUNAAN_SEPATU,613,976,718,1101
WhatsApp Image 2023-08-09 at 10.25.53.jpeg,960,1280,PENGGUNAAN_HELM,429,495,485,535
WhatsApp Image 2023-08-09 at 10.25.53.jpeg,960,1280,PENGGUNAAN_ROMPI,421,575,510,737
WhatsApp Image 2023-08-09 at 10.25.53.jpeg,960,1280,PENGGUNAAN_SARUNG_TANGAN,416,638,460,666
WhatsApp Image 2023-08-09 at 10.25.53.jpeg,960,1280,PENGGUNAAN_SEPATU,396,909,441,969
WhatsApp Image 2023-08-09 at 11.18.22.jpeg,1200,1600,PENGGUNAAN_HELM,538,526,663,608
WhatsApp Image 2023-08-09 at 11.18.22.jpeg,1200,1600,PENGGUNAAN_ROMPI,508,697,707,1029
WhatsApp Image 2023-08-09 at 11.18.22.jpeg,1200,1600,PENGGUNAAN_SARUNG_TANGAN,778,888,828,985
WhatsApp Image 2023-08-09 at 11.18.22.jpeg,1200,1600,PENGGUNAAN_SEPATU,440,1393,554,1511
WhatsApp Image 2023-08-09 at 12.28.56.jpeg,899,1599,PENGGUNAAN_HELM,363,356,522,474
WhatsApp Image 2023-08-09 at 12.28.56.jpeg,899,1599,PENGGUNAAN_ROMPI,325,601,599,1040
WhatsApp Image 2023-08-09 at 12.28.56.jpeg,899,1599,PENGGUNAAN_SARUNG_TANGAN,114,816,210,931
WhatsApp Image 2023-08-09 at 14.01.38.jpeg,1200,1600,PENGGUNAAN_HELM,448,647,565,720
WhatsApp Image 2023-08-09 at 14.01.38.jpeg,1200,1600,PENGGUNAAN_ROMPI,439,793,618,1093
WhatsApp Image 2023-08-09 at 14.01.38.jpeg,1200,1600,PENGGUNAAN_SARUNG_TANGAN,589,1096,649,1199
WhatsApp Image 2023-08-09 at 14.01.38.jpeg,1200,1600,PENGGUNAAN_SEPATU,418,1419,518,1544
WhatsApp Image 2023-08-10 at 14.25.56 (1).jpeg,960,1280,PENGGUNAAN_SEPATU,490,1155,555,1240
WhatsApp Image 2023-08-12 at 08.50.10.jpeg,1200,1600,PENGGUNAAN_ROMPI,498,732,673,1020
WhatsApp Image 2023-08-12 at 08.50.10.jpeg,1200,1600,PENGGUNAAN_SARUNG_TANGAN,328,668,375,738
1691399839785.jpg,960,1280,PENGGUNAAN_HELM,479,239,624,350
1691399839785.jpg,960,1280,PENGGUNAAN_SARUNG_TANGAN,338,721,401,808
1691399839785.jpg,960,1280,PENGGUNAAN_ROMPI,450,420,636,728
1691399839785.jpg,960,1280,PENGGUNAAN_SEPATU,588,1032,715,1129
WhatsApp Image 2023-08-12 at 12.47.03.jpeg,867,1156,PENGGUNAAN_HELM,377,254,465,313
WhatsApp Image 2023-08-12 at 12.47.03.jpeg,867,1156,PENGGUNAAN_ROMPI,369,378,495,659
WhatsApp Image 2023-08-12 at 12.47.03.jpeg,867,1156,PENGGUNAAN_SEPATU,302,911,380,1011
WhatsApp Image 2023-08-12 at 15.21.42 (1).jpeg,1200,1600,PENGGUNAAN_HELM,501,542,625,623
WhatsApp Image 2023-08-12 at 15.21.42 (1).jpeg,1200,1600,PENGGUNAAN_ROMPI,469,706,680,1044
WhatsApp Image 2023-08-12 at 15.21.42 (1).jpeg,1200,1600,PENGGUNAAN_SARUNG_TANGAN,621,745,707,839
WhatsApp Image 2023-08-12 at 15.21.42 (1).jpeg,1200,1600,PENGGUNAAN_SEPATU,437,1410,530,1518
WhatsApp Image 2023-08-12 at 16.00.31.jpeg,1200,1600,PENGGUNAAN_SEPATU,665,1372,791,1519
WhatsApp Image 2023-08-12 at 16.45.32.jpeg,960,1280,PENGGUNAAN_SARUNG_TANGAN,688,456,737,570
WhatsApp Image 2023-08-13 at 15.20.50.jpeg,960,1280,PENGGUNAAN_SARUNG_TANGAN,271,538,329,634
WhatsApp Image 2023-08-13 at 15.20.50.jpeg,960,1280,PENGGUNAAN_SEPATU,363,1062,449,1181
WhatsApp Image 2023-08-14 at 11.18.50.jpeg,960,1280,PENGGUNAAN_HELM,413,405,509,481
WhatsApp Image 2023-08-14 at 11.18.50.jpeg,960,1280,PENGGUNAAN_ROMPI,382,567,556,825
WhatsApp Image 2023-08-14 at 11.18.50.jpeg,960,1280,PENGGUNAAN_SEPATU,358,1123,423,1211
WhatsApp Image 2023-08-14 at 13.38.06.jpeg,1200,1600,PENGGUNAAN_ROMPI,519,489,682,843
WhatsApp Image 2023-08-14 at 13.38.06.jpeg,1200,1600,PENGGUNAAN_SEPATU,466,1154,563,1278
WhatsApp Image 2023-08-14 at 13.59.57 (1).jpeg,1200,1600,PENGGUNAAN_ROMPI,567,492,705,841
WhatsApp Image 2023-08-14 at 13.59.57 (1).jpeg,1200,1600,PENGGUNAAN_SEPATU,489,1178,575,1308
WhatsApp Image 2023-08-14 at 15.22.23.jpeg,960,1280,PENGGUNAAN_ROMPI,390,615,518,848
1691400109923.jpg,960,1280,PENGGUNAAN_HELM,415,190,561,316
1691400109923.jpg,960,1280,PENGGUNAAN_ROMPI,359,412,607,789
1691400109923.jpg,960,1280,PENGGUNAAN_SARUNG_TANGAN,631,741,681,831
1691400109923.jpg,960,1280,PENGGUNAAN_SEPATU,249,1139,400,1241
IMG_20230814_165110.jpg,1440,2560,PENGGUNAAN_HELM,519,345,762,527
IMG_20230814_165110.jpg,1440,2560,PENGGUNAAN_ROMPI,489,724,860,1405
IMG_20230814_165110.jpg,1440,2560,PENGGUNAAN_SARUNG_TANGAN,386,1373,473,1516
IMG_20230814_165316.jpg,1440,2560,PENGGUNAAN_HELM,613,484,811,643
IMG_20230814_165316.jpg,1440,2560,PENGGUNAAN_ROMPI,593,783,843,1303
IMG_20230814_165316.jpg,1440,2560,PENGGUNAAN_SARUNG_TANGAN,477,1327,554,1457
IMG_20230814_165316.jpg,1440,2560,PENGGUNAAN_SEPATU,534,1779,637,2089
d703b8e1-a78d-4ff6-882c-f43570de7803.jpg,960,1280,PENGGUNAAN_HELM,340,418,445,499
d703b8e1-a78d-4ff6-882c-f43570de7803.jpg,960,1280,PENGGUNAAN_SARUNG_TANGAN,141,717,229,767
d703b8e1-a78d-4ff6-882c-f43570de7803.jpg,960,1280,PENGGUNAAN_SEPATU,303,1090,395,1189
IMG_20230802_115240.jpg,3120,4160,PENGGUNAAN_HELM,1348,365,1812,736
IMG_20230802_115240.jpg,3120,4160,PENGGUNAAN_SEPATU,1093,3214,1386,3647
IMG_20230802_115240.jpg,3120,4160,PENGGUNAAN_SARUNG_TANGAN,870,1692,1146,1938
PERALATAN_KERJA_1.jpg,3120,4160,EARTH_GROUNDING_TESTER,1668,1500,2696,2308
PERALATAN_KERJA_1.jpg,3120,4160,TANG_AMPERE,2024,2292,2584,3688
PERALATAN_KERJA_10.jpg,720,1280,TANG_AMPERE,57,331,333,1100
PERALATAN_KERJA_10.jpg,720,1280,EARTH_GROUNDING_TESTER,333,345,720,937
PERALATAN_KERJA_11.jpg,960,1280,EARTH_GROUNDING_TESTER,520,420,711,661
PERALATAN_KERJA_11.jpg,960,1280,TANG_AMPERE,704,410,823,657
PERALATAN_KERJA_12.jpg,960,1280,TANG_AMPERE,261,365,428,841
PERALATAN_KERJA_12.jpg,960,1280,EARTH_GROUNDING_TESTER,477,378,729,715
PERALATAN_KERJA_13.jpg,960,1280,EARTH_GROUNDING_TESTER,8,641,420,947
PERALATAN_KERJA_13.jpg,960,1280,TANG_AMPERE,584,468,806,939
PERALATAN_KERJA_14.jpg,960,1280,EARTH_GROUNDING_TESTER,65,645,514,984
PERALATAN_KERJA_14.jpg,960,1280,TANG_AMPERE,558,607,770,1144
PERALATAN_KERJA_15.jpg,960,1280,TANG_AMPERE,126,265,308,692
PERALATAN_KERJA_15.jpg,960,1280,EARTH_GROUNDING_TESTER,310,451,737,812
PERALATAN_KERJA_16.jpg,960,1280,EARTH_GROUNDING_TESTER,98,682,420,906
PERALATAN_KERJA_16.jpg,960,1280,TANG_AMPERE,598,656,835,1014
PERALATAN_KERJA_17.jpg,960,1280,TANG_AMPERE,680,807,824,1143
PERALATAN_KERJA_17.jpg,960,1280,EARTH_GROUNDING_TESTER,558,610,822,807
PERALATAN_KERJA_18.jpg,960,1280,TANG_AMPERE,135,525,318,1004
PERALATAN_KERJA_19.jpg,960,1280,TANG_AMPERE,241,545,404,943
PERALATAN_KERJA_2.jpg,1600,1200,EARTH_GROUNDING_TESTER,817,254,1163,609
PERALATAN_KERJA_20.jpg,960,1280,EARTH_GROUNDING_TESTER,396,685,684,888
PERALATAN_KERJA_20.jpg,960,1280,TANG_AMPERE,723,561,832,833
PERALATAN_KERJA_21.jpg,1200,1600,EARTH_GROUNDING_TESTER,269,709,730,1146
PERALATAN_KERJA_21.jpg,1200,1600,TANG_AMPERE,720,833,964,1380
PERALATAN_KERJA_22.jpg,2304,1728,TANG_AMPERE,559,268,937,1292
PERALATAN_KERJA_22.jpg,2304,1728,EARTH_GROUNDING_TESTER,932,389,1956,1160
PERALATAN_KERJA_23.jpg,2400,3200,EARTH_GROUNDING_TESTER,102,1080,1757,2385
PERALATAN_KERJA_24.jpg,2448,3264,EARTH_GROUNDING_TESTER,126,1547,1331,2387
PERALATAN_KERJA_25.jpg,3000,4000,TANG_AMPERE,717,2050,1167,3322
PERALATAN_KERJA_25.jpg,3000,4000,EARTH_GROUNDING_TESTER,1197,2500,2264,3244
PERALATAN_KERJA_26.jpg,3000,4000,EARTH_GROUNDING_TESTER,950,2470,2152,3302
PERALATAN_KERJA_26.jpg,3000,4000,TANG_AMPERE,2035,1783,2637,3163
PERALATAN_KERJA_27.jpg,3000,4000,TANG_AMPERE,411,1894,967,3414
PERALATAN_KERJA_27.jpg,3000,4000,EARTH_GROUNDING_TESTER,1158,2350,2522,3328
PERALATAN_KERJA_28.jpg,2304,1728,TANG_AMPERE,680,384,1043,1345
PERALATAN_KERJA_28.jpg,2304,1728,EARTH_GROUNDING_TESTER,1037,563,1919,1179
PERALATAN_KERJA_29.jpg,2400,3200,TANG_AMPERE,487,1225,897,2330
PERALATAN_KERJA_29.jpg,2400,3200,EARTH_GROUNDING_TESTER,950,1620,1932,2340
PERALATAN_KERJA_3.jpg,3120,4160,EARTH_GROUNDING_TESTER,1198,2202,1753,2953
PERALATAN_KERJA_3.jpg,3120,4160,TANG_AMPERE,2009,2151,2398,3133
PERALATAN_KERJA_30.jpg,2304,1728,TANG_AMPERE,330,205,811,1289
PERALATAN_KERJA_30.jpg,2304,1728,EARTH_GROUNDING_TESTER,1014,460,2072,1218
PERALATAN_KERJA_31.jpg,3200,2400,TANG_AMPERE,923,711,1486,2104
PERALATAN_KERJA_31.jpg,3200,2400,EARTH_GROUNDING_TESTER,1416,1052,2594,1833
PERALATAN_KERJA_32.jpg,2400,3200,TANG_AMPERE,256,1167,736,2440
PERALATAN_KERJA_32.jpg,2400,3200,EARTH_GROUNDING_TESTER,756,1493,1949,2440
PERALATAN_KERJA_33.jpg,3000,4000,TANG_AMPERE,1150,2048,1554,3302
PERALATAN_KERJA_33.jpg,3000,4000,EARTH_GROUNDING_TESTER,1548,2510,2574,3274
PERALATAN_KERJA_34.jpg,3000,4000,EARTH_GROUNDING_TESTER,663,2502,1748,3267
PERALATAN_KERJA_34.jpg,3000,4000,TANG_AMPERE,1722,2150,2249,3492
PERALATAN_KERJA_35.jpg,3000,4000,TANG_AMPERE,836,2247,1275,3458
PERALATAN_KERJA_35.jpg,3000,4000,EARTH_GROUNDING_TESTER,1291,2761,2289,3557
PERALATAN_KERJA_36.jpg,2400,3200,TANG_AMPERE,427,1138,860,2235
PERALATAN_KERJA_36.jpg,2400,3200,EARTH_GROUNDING_TESTER,777,1393,1802,2160
PERALATAN_KERJA_37.jpg,2400,3200,TANG_AMPERE,360,1213,780,2345
PERALATAN_KERJA_37.jpg,2400,3200,EARTH_GROUNDING_TESTER,1007,1615,2060,2415
PERALATAN_KERJA_38.jpg,2304,1728,EARTH_GROUNDING_TESTER,403,626,1332,1297
PERALATAN_KERJA_39.jpg,3200,2400,TANG_AMPERE,901,585,1338,1804
PERALATAN_KERJA_39.jpg,3200,2400,EARTH_GROUNDING_TESTER,1397,789,2505,1630
PERALATAN_KERJA_4.jpg,1440,720,EARTH_GROUNDING_TESTER,665,308,903,467
PERALATAN_KERJA_40.jpg,1728,2304,TANG_AMPERE,403,770,701,1561
PERALATAN_KERJA_40.jpg,1728,2304,EARTH_GROUNDING_TESTER,769,906,1501,1449
PERALATAN_KERJA_41.jpg,2304,1728,TANG_AMPERE,385,284,769,1237
PERALATAN_KERJA_41.jpg,2304,1728,EARTH_GROUNDING_TESTER,848,516,1677,1160
PERALATAN_KERJA_42.jpg,2304,1728,EARTH_GROUNDING_TESTER,466,526,1364,1171
PERALATAN_KERJA_43.jpg,1600,1200,EARTH_GROUNDING_TESTER,626,167,1094,473
PERALATAN_KERJA_44.jpg,867,1156,TANG_AMPERE,411,364,492,615
PERALATAN_KERJA_45.jpg,1200,1600,EARTH_GROUNDING_TESTER,147,821,720,1231
PERALATAN_KERJA_45.jpg,1200,1600,TANG_AMPERE,725,472,1071,1272
PERALATAN_KERJA_46.jpg,1200,1600,TANG_AMPERE,264,699,511,1168
PERALATAN_KERJA_48.jpg,650,1156,TANG_AMPERE,122,384,262,702
PERALATAN_KERJA_49.jpg,1156,650,TANG_AMPERE,367,420,625,521
PERALATAN_KERJA_5.jpg,720,1440,TANG_AMPERE,275,648,614,792
PERALATAN_KERJA_5.jpg,720,1440,EARTH_GROUNDING_TESTER,223,849,466,1184
PERALATAN_KERJA_50.jpg,1137,1280,EARTH_GROUNDING_TESTER,179,622,450,968
PERALATAN_KERJA_50.jpg,1137,1280,TANG_AMPERE,369,986,828,1172
PERALATAN_KERJA_51.jpg,960,1280,TANG_AMPERE,133,266,451,1045
PERALATAN_KERJA_52.jpg,960,1280,TANG_AMPERE,163,339,473,1055
PERALATAN_KERJA_53.jpg,960,1280,TANG_AMPERE,243,276,516,923
PERALATAN_KERJA_54.jpg,960,1280,EARTH_GROUNDING_TESTER,94,676,726,1108
PERALATAN_KERJA_55.jpg,1600,1200,TANG_AMPERE,175,322,475,962
PERALATAN_KERJA_55.jpg,1600,1200,EARTH_GROUNDING_TESTER,490,480,999,834
PERALATAN_KERJA_6.jpg,1040,780,TANG_AMPERE,286,178,497,652
PERALATAN_KERJA_6.jpg,1040,780,EARTH_GROUNDING_TESTER,529,282,956,566
PERALATAN_KERJA_7.jpg,1280,960,EARTH_GROUNDING_TESTER,190,343,667,644
PERALATAN_KERJA_7.jpg,1280,960,TANG_AMPERE,665,506,1186,797
PERALATAN_KERJA_8.jpg,3120,4160,TANG_AMPERE,1908,1680,2544,2812
PERALATAN_KERJA_8.jpg,3120,4160,EARTH_GROUNDING_TESTER,1216,2016,1916,2900
PERALATAN_KERJA_9.jpg,960,1280,EARTH_GROUNDING_TESTER,90,506,377,882
PERALATAN_KERJA_9.jpg,960,1280,TANG_AMPERE,490,466,708,923
7f14ddfd-7638-47d2-b2f8-1a177647172e.jpg,963,1280,RAMBU_KESELAMATAN,33,181,883,1280
RAMBU KESELAMATAN 56.jpg,519,821,RAMBU_KESELAMATAN,89,174,430,596
RAMBU KESELAMATAN 95.jpg,618,828,RAMBU_KESELAMATAN,203,263,538,686
RAMBU KESELAMATAN 96.jpg,660,1087,RAMBU_KESELAMATAN,195,359,543,806
18.jpg,960,1280,RAMBU_KESELAMATAN,42,51,901,1188
19.jpg,1200,1600,RAMBU_KESELAMATAN,73,162,1166,1555
26.jpg,1200,1600,RAMBU_KESELAMATAN,127,150,1088,1236
IMG-20230810-WA0004.jpg,1200,1600,RAMBU_KESELAMATAN,192,313,906,1279
IMG-20230823-WA0098.jpg,1200,1600,RAMBU_KESELAMATAN,220,203,1013,1236
Rambu 2.jpg,720,1280,RAMBU_KESELAMATAN,253,381,601,826
Rambu 15.jpg,960,1280,RAMBU_KESELAMATAN,231,305,702,937
Rambu 30.jpg,868,1156,RAMBU_KESELAMATAN,289,431,512,715
